spec,case,web_src,steps,pass_condition,protocol_methods,natively_handled,needs,web_only_reason
e2e-live/glm-model.spec.ts,runs a coding turn with the expected runtime model and restores it after refresh,e2e-live/glm-model.spec.ts:39,"Connect to a live server, open a coding workspace and set permission to Write. Confirm the runtime model, then send a prompt that asks the model to create a marker file, read it back and reply with a marker, approving tool use when asked. After the reply appears, refresh the page.","The runtime model matches the configured model; the assistant's marker reply appears and the turn settles; after refresh the workspace, the marker reply and the runtime-model label are still present; disconnecting returns the connect screen with the origin and a retained token.",session/open; turn/start; session/hydrate; approval/requested; approval/respond; message/delta,all,real-turn,
e2e-live/glm-model.spec.ts,keeps a background turn alive while a sibling Session is focused,e2e-live/glm-model.spec.ts:175,"Connect to a live server and open a workspace, then send a prompt that briefly sleeps and writes a marker, approving tool use when asked. While it runs, create a new Session and wait for the original Session's row to show completion, then switch back to it and disconnect.",The background turn keeps running while the sibling Session is focused and completes without a connection-closed error; switching back shows the marker reply; the new Session appears and the original remains intact.,session/open; turn/start; session/hydrate; approval/requested; approval/respond; session/list,all,real-turn,
e2e-live/turn-collision.spec.ts,discloses the other client's turn instead of claiming it,e2e-live/turn-collision.spec.ts:30,"Against a real server, connect, start a session, and send a message and wait for its reply. Then a second client opens the same session and starts a turn that never finishes, and the browser tries to send another message.","The session strip names the other client's turn instead of claiming it as ours, and a send the server refuses keeps the operator's text.",session/open; turn/start; projection/envelope,all,real-turn,
e2e/attention.spec.ts,desktop notifications require Settings opt-in and stay silent while reading,e2e/attention.spec.ts:124,"Enable desktop notifications in settings, leave the current session in view, and let a turn complete.",While the session is in view no desktop notification is raised and the document title is unchanged; toggling notifications back off shows the off state and persists that choice.,session/open; turn/start; message/delta; turn/completed,all,fixture,
e2e/attention.spec.ts,a hidden current Session completion notifies once and returning clears its badge,e2e/attention.spec.ts:155,"Enable notifications, mark the current session as hidden, let a turn complete, then return to the app.","Exactly one notification is raised for the completion, the title gains a count prefix, and returning clears the badge and closes the notification.",session/open; turn/start; message/delta; turn/completed,all,fixture,
e2e/attention.spec.ts,denied desktop permission keeps tab counts working and Disconnect clears attention,e2e/attention.spec.ts:193,"With desktop permission denied, enable notifications, close settings, hide the session and let a turn complete, then disconnect.","An alert says notifications are blocked and the toggle stays off; the title still gains the count while hidden, and disconnecting clears the count and raises no notification.",session/open; turn/start; message/delta; turn/completed,all,fixture,
e2e/attention.spec.ts,a background Session completing while another is selected signals and acknowledges on return,e2e/attention.spec.ts:231,"Enable notifications, start a turn, create and select a second session, then switch back to the original session.",The original session shows a 'Completed in background' badge and the title gains a count with exactly one notification; selecting it removes the badge and clears the notification.,session/open; turn/start; message/delta; turn/completed,all,fixture,
e2e/auth-identity.spec.ts,rejects invalid auth before the product shell is ever mounted,e2e/auth-identity.spec.ts:40,"Open the app, enter the server origin with an invalid auth token, and connect.","An alert reads 'Could not connect' with the connection title visible, and the product shell (navigation and workspace chooser) is never mounted.",session/open,all,fixture,
e2e/auth-identity.spec.ts,accepts a profile-routable web identity but closes a scoped mismatch,e2e/auth-identity.spec.ts:83,"Open the app and send a session/open for a token that is routable to one profile with a matching session, then with a mismatched profile.",The matching identity opens and reports its session id and active profile; the mismatched one is closed with code 1008 and reason auth_expired.,session/open,all,fixture,
e2e/auth-identity.spec.ts,binds a cross-profile launch to the resolved profile before open,e2e/auth-identity.spec.ts:111,"Connect with an admin token, add a cross-profile workspace, and start a new session scoped to the review profile.",The composer appears and the session/open frame for the new session carries profile review with a session id beginning review:api:web-.,session/open,all,fixture,
e2e/canonical-recovery.spec.ts,"refresh shows the interrupted turn with ${canonicalReplay ? ""complete canonical replay"" : ""legacy terminal state""}",e2e/canonical-recovery.spec.ts:6,"Open the client, connect to the server, start a workspace, and send a prompt whose turn the server interrupts after streaming one finding. Reload the page. Runs once with the canonical replay chunk and once without.","After reload the timeline shows ""Turn stopped"", the Stop control is gone, and the composer is enabled; with canonical replay the prompt and the preserved finding reappear once and the connection-closed message shows, otherwise the legacy ""stopped before it completed"" message shows instead.",session/open; session/hydrate; turn/start; projection/envelope,all,fixture,
e2e/capacity-and-peers.spec.ts,holds twelve browser turns and three browser-started native peers on one pooled socket,e2e/capacity-and-peers.spec.ts:87,"Connect and start one workspace, then run twelve browser turns on it, opening a fresh sibling session between each; finally open the session-peers dialog and start three peers.","All fifteen turns share one pooled socket, each peer session opens and kicks off exactly once on that socket with a unique turn id, and every turn is tracked as active for that workspace.",session/open; turn/start; peer/staged; projection/envelope; turn/completed,all,fixture,
e2e/chat-handover.spec.ts,an external-held session restores uploaded media and reasoning for an explicit retry,e2e/chat-handover.spec.ts:146,"Connect and start a workspace that is held by another client, open its advanced settings and confirm the foreign-holder notice. Attach an image and send a prompt, see it refused with the draft kept, inspect the retained image, then use Resume chat to retry.","The refused send shows the not-sent notice, keeps the draft, and sends no release or turn start; the attached image is still listed as uploaded; the retry sends exactly one turn start carrying the draft, the same media and reasoning high, clears the composer and drops the attachment.",session/open; turn/start,all,fixture,
e2e/chat-handover.spec.ts,Resume chat and an owned seat release control before sending once,e2e/chat-handover.spec.ts:197,"Connect and start an idle handover workspace, send a prompt and see it refused with the draft kept. Use Resume chat to take the seat and confirm a Release seat control appears, close the pane, then send from that owned seat.",Resume chat sends the draft as exactly one turn start; taking the seat enables a Release seat control; the next ordinary send releases that proof and starts once with the new prompt and an empty composer.,session/open; turn/start,all,fixture,
e2e/chat-handover.spec.ts,"a late collision cannot replace newer text or images, then restores the complete draft",e2e/chat-handover.spec.ts:258,"Connect and start a workspace, attach an image and send a prompt whose admission is refused as a collision after you have already changed the draft with a new reasoning level, a new image and newer text. Then remove the added image and inspect the returned draft.","The refusal shows the session-busy notice and keeps the newer text plus both the original uploaded image and the new un-uploaded selection, leaving the original prompt unsent; removing the new image restores the original upload and shows the original draft; a later local command does not send it.",session/open; turn/start,all,fixture,
e2e/command-surface.spec.ts,fails closed for an unknown command and sends no model input,e2e/command-surface.spec.ts:158,"Connect to the fixture server and start a workspace session, then type an unknown slash command and send it.","The app says the command is unavailable and that nothing was sent to the model, the prompt box is left empty, and no turn is started.",session/open,all,fixture,
e2e/command-surface.spec.ts,opens Activity and inspects the current task in TaskDetailDialog,e2e/command-surface.spec.ts:180,"Connect and start a workspace session, then run /activity to open the Activity dialog that scans server-owned tasks. Inspect the current session's task, which opens the task detail view.","The Activity dialog lists the server-owned task and offers Inspect; inspecting opens a task-output dialog with a close control and the task's scoped output or artifacts (not a raw payload dump, not a Trajectory surface), and no turn is started.",session/open; task/list; task/artifact/list,all,fixture,
e2e/command-surface.spec.ts,keeps /sessions refocus stable on the active Session via sidebar search,e2e/command-surface.spec.ts:230,"Connect and start a workspace session, then run /sessions. Repeat the command while refocusing the prompt box between calls.","The sidebar session search field takes focus with no dialog opening, the active session row stays selected, and no new turn is started across repeated invocations.",session/open; session/list,all,fixture,
e2e/command-surface.spec.ts,keeps the confirmed fork receipt across parent refresh and opens the exact child without stealing focus,e2e/command-surface.spec.ts:269,"Connect and start a workspace session, send a prompt and wait for the reply, then run /fork, name the new conversation, and create the fork while the parent history refresh is held.","The dialog shows the fork receipt and the parent stays selected; exactly one fork request carries the parent id and new name; the child opens only when chosen, with the source then the child hydrated in order and no extra turn started.",session/open; turn/start; session/fork; session/hydrate,all,fixture,
e2e/command-surface.spec.ts,keeps the workspace restore receipt through canonical refresh without rewinding its conversation,e2e/command-surface.spec.ts:368,"Connect and start a workspace session, send a prompt and wait for the reply, then run /undo, pick a snapshot, and confirm the workspace restore while the parent history refresh is held.","The dialog shows the workspace-restore receipt, the conversation is unchanged, and the trace shows snapshot listings and exactly one restore for the session with no conversation rewind.",session/open; turn/start,all,fixture,
e2e/command-surface.spec.ts,keeps the rewind receipt and restores only the owning prompt draft after canonical refresh,e2e/command-surface.spec.ts:426,"Connect and start a workspace session, send two prompts and wait for each reply, then run /rewind, choose the first checkpoint, and confirm the conversation rewind while the history refresh is held.","The dialog shows the rewind receipt, the conversation drops back to before the first prompt, the owning prompt text returns to the composer, and the trace shows one rollback of two turns with no workspace restore.",session/open; turn/start; session/rollback,all,fixture,
e2e/command-surface.spec.ts,queues a held gather synthesis only on busy A while B is selected and keeps blackboard refresh read-only,e2e/command-surface.spec.ts:494,"Connect and start a workspace session, stage a peer from the peers dialog, start a held turn on the first session, then queue a /gather on it twice while a second session is selected. Release the held work and return to the first session.","Exactly one peer gather is sent for the owning session, the queued synthesis runs only on that session, and the second session's view shows no gathered peer results.",session/open; turn/start; peer/staged; projection/envelope,all,fixture,
e2e/command-surface.spec.ts,reports an empty filtered gather without sending synthesis or opening a Session,e2e/command-surface.spec.ts:681,"Connect and start a workspace session, then run /gather against a peer that is not staged on the blackboard.","The app reports that no peers are staged, exactly one gather request for the missing slug is sent, no turn is started, and no second session is opened.",session/open,all,fixture,
e2e/connection-storage.spec.ts,closed-tab drafts restore only for the authenticated principal and Forget clears that principal,e2e/connection-storage.spec.ts:63,"Open the client and start a session, then type unsent text in two tabs. Close both tabs and reopen them so each restores its own draft; later Forget the saved connection for one tab and reopen it.","Each reopened tab restores only its own owner's draft; after Forget that tab's draft is gone while the other owner's survives, and no draft tokens or owner text remain in browser storage.",session/open,all,fixture,Unsent-draft persistence is browser localStorage/sessionStorage keyed by the connected principal; there is no native-client equivalent.
e2e/connection-storage.spec.ts,a delayed principal lookup preserves newly typed text and cannot restore a retired identity,e2e/connection-storage.spec.ts:132,"Save a draft, close the tab, and reopen it while the identity lookup is held. Type new text before the identity resolves, let it resolve, then disconnect and reconnect as a different principal.","The newly typed text survives, no retired identity's draft is restored over it, and the text persists across a reload.",session/open,all,fixture,Draft restoration is scoped to the browser-stored principal in localStorage/sessionStorage; no native surface is involved.
e2e/connection-storage.spec.ts,failed Forget stays visible across identity edits until saved data can actually be cleared,e2e/connection-storage.spec.ts:201,"Start a session, type a draft, make browser storage read-only, then Forget the server from Settings. Change the auth identity and keep trying to clear until storage becomes writable.",A 'Saved data could not be cleared' alert stays visible while clearing keeps failing and disappears only once the saved data is actually removed; the stored draft never silently returns.,session/open,all,fixture,Clearing saved connection data is a browser localStorage/sessionStorage operation with no native equivalent.
e2e/connection-storage.spec.ts,denied storage getters still allow an in-memory connection and readable cleanup feedback,e2e/connection-storage.spec.ts:267,"Deny access to browser storage, then start a session and type into the prompt box.","The client still connects and edits in memory, shows a readable 'Saved data could not be cleared' alert, warns before leaving, and logs no page errors.",session/open,all,fixture,Exercises blocked browser storage getters (localStorage/sessionStorage) with an in-memory fallback; there is no native equivalent.
e2e/connection-storage.spec.ts,"a 51st unsent draft evicts the oldest, stays saved, and never blocks navigation",e2e/connection-storage.spec.ts:298,"Start a session, pre-fill fifty stored drafts, reload, then type a fifty-first unsent draft.","The new draft is saved, exactly one old draft is evicted, no capacity warning or leave-guard appears, navigation stays open, and a reload restores the fifty-first draft.",session/open,all,fixture,Draft capacity and eviction are browser localStorage cache mechanics with no native equivalent.
e2e/connection-storage.spec.ts,a draft typed while identity loads is never the capacity eviction victim,e2e/connection-storage.spec.ts:384,"Pre-fill fifty stored drafts, reload while the identity lookup is held, and type a fresh draft before the lookup resolves.","The fresh text is kept, the eviction takes an older stored draft instead, and the prompt box still holds the fresh text.",session/open,all,fixture,Draft capacity and eviction are browser localStorage cache mechanics with no native equivalent.
e2e/copy-conversation.spec.ts,copies the conversation as Markdown from the server's history,e2e/copy-conversation.spec.ts:19,"Start a workspace, send the fixture prompt and wait for the reply to finish streaming, then press Copy as Markdown in the chat header and read the clipboard.","The control reads Copied and the clipboard holds a Markdown transcript that begins with the workspace title and a Workspace line and carries User and Assistant sections with the assistant's Markdown verbatim, including its table row and fenced code block, and no incomplete marker.",session/open; session/hydrate; turn/start; message/delta,all,fixture,
e2e/copy-conversation.spec.ts,says there is nothing to copy for a conversation with no messages yet,e2e/copy-conversation.spec.ts:55,Start a brand-new workspace and press Copy as Markdown before sending anything.,The control reads Nothing to copy and no transcript is placed on the clipboard.,session/open; session/hydrate,all,fixture,
e2e/copy-conversation.spec.ts,keeps the phone header for the workspace title: no copy button there,e2e/copy-conversation.spec.ts:68,"Open the client at a 390-by-844 phone viewport, start a workspace and look at the chat header.",The phone header shows the workspace title and the copy-as-Markdown control is absent.,session/open; session/hydrate,all,fixture,A responsive-layout assertion about which header control renders at a phone viewport.
e2e/delivered-files.spec.ts,"shows files the agent delivers, previews images, downloads them, and keeps them on reload",e2e/delivered-files.spec.ts:28,"Start a workspace, have the agent deliver an image with no caption and a presentation file with a caption, preview the image, download the file, then reload the page.","Both deliveries appear as attachments, the image renders at its real size, the caption text shows, downloading saves the file under its own name with its fixture contents, no server path is shown as message text, and a reload restores both attachments.",session/open; session/hydrate; turn/start; file/attached,all,fixture,
e2e/delivered-files.spec.ts,says a file could not be loaded instead of failing silently,e2e/delivered-files.spec.ts:80,"Start a workspace and have the agent deliver a file, then make the file endpoint refuse access and load the attachment.",The attachment still appears and reports that the file could not be loaded rather than failing silently.,session/open; session/hydrate; turn/start; file/attached,all,fixture,
e2e/diff-review.spec.ts,"diff syntax and word marks preserve inert, selectable text in both themes and on mobile",e2e/diff-review.spec.ts:82,"Start a session and send a message, open the change review, then look at the diff in light and dark mode and at a narrow mobile width.",The diff shows the exact replacement lines with highlighted changed words and no images or scripts; the text is selectable and scrollable; keyword colors differ per theme and from the plain text; and closing the review returns focus to the review button.,session/open; turn/start; diff/preview/get,all,fixture,
e2e/diff-review.spec.ts,large previews remain complete and use the plain-text performance fallback,e2e/diff-review.spec.ts:164,"Start a session, send a message, and open the change review for a preview with five hundred added lines.","The review reports that the large preview is shown as plain text with all lines included, every line is present, no syntax colors are applied, and closing the review hides it.",session/open; turn/start; diff/preview/get,all,fixture,
e2e/diff-review.spec.ts,a missing optional diff grammar retains original text and word marks,e2e/diff-review.spec.ts:188,"Start a session and send a message, then open the change review while the optional TypeScript grammar chunk is blocked.","The diff still shows the original text with changed-word marks and no syntax colors, and no page errors are logged.",session/open; turn/start; diff/preview/get,all,fixture,
e2e/draft-recovery.spec.ts,"reload restores exact unsent text without dispatching it, and sent drafts stay cleared",e2e/draft-recovery.spec.ts:21,"Start a session and type unsent text with leading, trailing, and emoji content, then reload. Send it and reload again.","The reload restores the exact text without starting a turn; after sending, the box is empty, exactly one turn was started, and a further reload keeps it empty.",session/open; turn/start,all,fixture,Unsent-draft persistence is browser localStorage behavior with no native-client equivalent.
e2e/draft-recovery.spec.ts,a rejected draft storage write preserves editing and warns before text can be lost,e2e/draft-recovery.spec.ts:55,"Start a session, type a saved draft, then make browser storage reject writes and removals and keep editing.","Editing continues, a 'Draft changes could not be saved' status is shown, leaving warns until the draft is safe, and no page errors are logged.",session/open,all,fixture,Draft-save failure handling is browser localStorage behavior with no native-client equivalent.
e2e/driver-discovery.spec.ts,renders a healthy EXTERNAL disclosure from the real empty terminal operations page,e2e/driver-discovery.spec.ts:334,"Connect to the server, open the driver-discovery workspace, then open the 'External controller' disclosure and confirm it with the keyboard.","Exactly one discovery walk is sent carrying the session id and the operations flag (two parameters, no topic) and answering with a complete empty operations page; opening the disclosure by keyboard reveals the synthetic driver id with epoch 7 and revision 42 and sends no control or model request.",session/open,all,fixture,
e2e/driver-discovery.spec.ts,renders an INTERNAL disclosure with no binding rows,e2e/driver-discovery.spec.ts:387,Connect to the server and open the driver-discovery workspace configured with an internal controller.,Exactly one disclosure appears headed 'Internal controller' and it shows no binding rows: no 'No active lease' line and no synthetic driver id.,session/open,all,fixture,
e2e/driver-discovery.spec.ts,holds ONLY the first walk of a workspace: same-workspace sibling completes while A stays held,e2e/driver-discovery.spec.ts:402,"Connect to a workspace whose first driver walk is held by the server, then start a sibling session in the same workspace.","The held workspace shows no disclosure while its first walk is unanswered; the sibling in the same workspace completes a walk and mounts the 'External controller' disclosure, and releasing the first walk delivers its original reply.",session/open,all,fixture,
e2e/driver-discovery.spec.ts,A/B: exact synthetic driver ID per selected Session; releasing held A never leaks into a selected B,e2e/driver-discovery.spec.ts:434,"Connect to a held workspace, let a sibling session complete and become selected, then release the held session and switch back to it.","Each selected session's disclosure shows its own exact synthetic driver id and never the other's, both before and after the held session is released.",session/open,all,fixture,
e2e/driver-discovery.spec.ts,does not admit a walk when ${variant} capability is withheld,e2e/driver-discovery.spec.ts:472,"For a server that withholds the driver method and again for one that withholds the external-driver feature, connect and open the driver-discovery workspace (runs once per withheld capability).",No discovery walk is ever sent and no disclosure mounts for either withheld capability.,session/open,all,fixture,
e2e/driver-discovery.spec.ts,surfaces a typed refusal and never mounts a disclosure for it,e2e/driver-discovery.spec.ts:487,Connect and open the driver-discovery workspace configured to answer the walk with a typed refusal.,"A walk is sent, its reply carries error -32041 with kind driver_scope_mismatch, and no disclosure mounts.",session/open,all,fixture,
e2e/driver-discovery.spec.ts,rejects a MALFORMED disclosure binding at the strict decode boundary,e2e/driver-discovery.spec.ts:502,Connect and open the driver-discovery workspace whose binding carries a non-integer epoch.,The walk is sent but the malformed binding is rejected at the strict decode boundary: no disclosure renders and the composer stays usable.,session/open,all,fixture,
e2e/driver-discovery.spec.ts,transitions healthy -> refused across a transport reconnect on the SAME record,e2e/driver-discovery.spec.ts:517,"Connect and open a healthy workspace, then have the server flip that same session to refused and force a transport reconnect.","The previously complete inventory collapses to non-complete; the new walk returns the typed refusal (-32041, driver_scope_mismatch) and the disclosure unmounts.",session/open; session/hydrate,all,fixture,
e2e/driver-discovery.spec.ts,transitions malformed -> healthy across a transport reconnect on the SAME record,e2e/driver-discovery.spec.ts:540,"Connect and open a healthy workspace, damage the same session's binding and reconnect, then undo the damage and reconnect again.",After the damage the strict decoder rejects the binding so the disclosure unmounts; after the repair the disclosure re-mounts showing the session's own synthetic driver id.,session/open; session/hydrate,all,fixture,
e2e/driver-discovery.spec.ts,"observes a deterministic discovery request: one walk, real params, terminal page",e2e/driver-discovery.spec.ts:571,"Connect to the server, open the default driver-discovery workspace, and watch the single discovery request.","Exactly one walk is observed carrying the session id and the operations flag, whose reply is an empty complete operations page (mode external, recovery none, epoch 7, revision 42, lease expiry 0).",session/open,all,fixture,
e2e/final-input.spec.ts,approval shortcuts ignore modified keys and IME composition,e2e/final-input.spec.ts:28,"Connect and open a workspace, then request an approval and wait for the approval dialog to take focus. Press Ctrl+Y, Alt+N, Meta+S and IME-composing Y presses, then a plain Y.",The modified and composing presses leave the dialog visible and send no decision; the plain Y hides the dialog and sends exactly one approval response.,session/open; turn/start; approval/requested; approval/respond,all,fixture,
e2e/final-input.spec.ts,long approval remains readable and actionable in a short phone viewport,e2e/final-input.spec.ts:69,"Connect at a 320 by 360 phone viewport and request an approval whose body and diff are very long. Step focus through every control and scroll the approval body, then decline.","Every control stays within the viewport and reachable, the body scrolls fully to its end, and declining hides the dialog.",session/open; turn/start; approval/requested; approval/respond,all,fixture,
e2e/final-input.spec.ts,connection actions can be reached by scrolling at 320×320,e2e/final-input.spec.ts:113,"Open the web client at a 320 by 320 viewport, enter a server address and a wrong token, scroll, and connect so it fails. Correct the token, scroll again, and connect.",The Connect control scrolls into view and stays reachable; the wrong token shows the connection error; the corrected token reveals the workspace-path field.,session/open,all,fixture,
e2e/final-input.spec.ts,long questions retain free text and selections after a failed response,e2e/final-input.spec.ts:147,"Connect at a short phone viewport and request a three-question prompt. Select Full for each question, type an extra free-text answer, and submit so the first attempt is rejected. Scroll the dialog and submit again.",The failed attempt shows the retry message while the typed free text and every selection are retained; the dialog scrolls to its end; the retry sends the identical response payload.,session/open; turn/start; user_question/requested; user_question/respond,all,fixture,
e2e/final-input.spec.ts,composer preserves IME confirmation and multiline edits around commands,e2e/final-input.spec.ts:249,"Connect and type a slash to open the command list, then confirm that composing ArrowDown and Enter presses change neither the draft nor the selection. Close the list, type a mixed-script line, and use arrow keys plus Alt+Enter and Ctrl+J to insert newlines. Send with a composing Enter, then a plain Enter.",Composing keystrokes neither edit nor submit; Alt+Enter and Ctrl+J insert the expected newlines; the composing Enter sends nothing and the plain Enter sends exactly one prompt and clears the composer.,session/open; turn/start,all,fixture,
e2e/final-input.spec.ts,question radio selection keeps backward Tab inside its dialog,e2e/final-input.spec.ts:289,"Connect and request the verification-depth question, then select Full. Move focus with Shift+Tab, Tab, ArrowUp and Shift+Tab around the dialog, and finish by answering with Continue so the turn clears.","Backward Tab keeps focus inside the dialog, moving to the Continue control and back to the selection; ArrowUp switches the selection to Fast; Continue closes the dialog.",session/open; turn/start; user_question/requested; user_question/respond,all,fixture,
e2e/final-input.spec.ts,phone search and view menus consume Escape before the sessions drawer,e2e/final-input.spec.ts:328,"Connect, open a 390 by 640 phone viewport, and open the sessions drawer. Open the session search, press Escape once while composing and once plainly, then open the view-options menu and press Escape twice.","A composing Escape leaves the search open; a plain Escape closes the search and returns focus to its trigger; Escape closes the menu and then the drawer, returning focus to each trigger in turn.",session/open,all,fixture,
e2e/final-reading.spec.ts,code copy reports rejected and missing clipboard APIs without losing the code,e2e/final-reading.spec.ts:76,"Open a workspace whose transcript already contains a TypeScript code block. Press the copy-code control once while the browser refuses the clipboard write, once while the clipboard API is missing, and once with a working clipboard.","The first two attempts show a could-not-copy alert while the code stays readable and no uncaught page error is recorded, and the third attempt shows Copied and clears the alert.",session/open; session/hydrate,all,fixture,
e2e/final-reading.spec.ts,sidebar native buttons keep Enter behavior and search Escape restores its trigger,e2e/final-reading.spec.ts:126,"Start a workspace, hover its sidebar entry and press Enter on the new-session button to create a second Session. Open the session search, type a query, then press Escape and Tab.","The new-session button responds to Enter and a second Session appears, search narrows the list to two entries, Escape closes search and focuses its trigger, and Tab moves focus on to the session view options control.",session/open; session/hydrate; session/list,all,fixture,
e2e/final-reading.spec.ts,tree focus follows a collapsed parent and no longer references a removed search row,e2e/final-reading.spec.ts:165,"Focus the workspaces-and-sessions tree and move through it with the arrow keys, collapsing a parent and expanding it again. Open session search, focus its results, press Home and then close the search.","The tree's reported active row always names a row that exists, collapsing the parent leaves one visible row with the active row matching it, and closing search never leaves the tree pointing at a result row that has been removed.",session/open; session/hydrate; session/list,all,fixture,Pure browser focus bookkeeping: tree active-row tracking has no native counterpart.
e2e/final-reading.spec.ts,360-message history stays readable while new output streams and unsafe Markdown stays inert,e2e/final-reading.spec.ts:205,"Open a workspace whose transcript is 360 messages long, page back through the earlier messages, scroll to a middle entry, then send a prompt and let new output stream while switching to another Session and back.","Earlier-message paging loads in steps up to 360 entries without moving the anchored row, the reader's position survives streaming and Session switches, unsafe links and remote images in the final entry stay inert, and wide code and tables scroll inside their own boxes at phone and small-window sizes.",session/open; session/hydrate; session/messages_page; turn/start; projection/envelope; message/delta; turn/completed,some,fixture,
e2e/final-reading.spec.ts,Diff review keeps long headings and file content inside the narrow viewport,e2e/final-reading.spec.ts:525,"On a 320-by-480 viewport, run a turn to completion and open the review-changes surface for a change with a very long title and a deeply nested file path. Expand a file, scroll its diff sideways, then close the review.","The review surface and its close control stay inside the viewport width, collapsing by click and expanding by Enter both work, the diff lines scroll horizontally, and closing the review returns focus to the review action.",session/open; session/hydrate; turn/start; turn/completed; diff/preview/get,all,fixture,
e2e/final-reading.spec.ts,a missing optional syntax grammar leaves readable and copyable plain code,e2e/final-reading.spec.ts:583,Open a workspace whose transcript contains a Python code block while the optional Python syntax-highlighting asset fails to load. Look at the block and press its copy control.,"The code renders as plain readable text, the copy-code control stays enabled, and no uncaught page error is recorded.",session/open; session/hydrate,all,fixture,About the web client's optional syntax-grammar asset load and its plain-code fallback; no native counterpart.
e2e/final-reading.spec.ts,task output and artifact controls fit a short phone viewport with long titles,e2e/final-reading.spec.ts:611,"On a 320-by-480 viewport, open the trajectory list and pick the task whose title is very long. Read its output, open a report artifact, load more of it, then close the panel.","The task panel and its close control stay inside the viewport, the long title does not push controls off screen, loading more artifact content keeps the panel usable and reveals the completion text, and closing hides the panel.",session/open; session/hydrate; task/list; task/output/read; task/artifact/read,all,fixture,
e2e/interaction-ownership.spec.ts,rejects same-base foreign-topic ${kind} and terminal traffic without settling or poisoning the ordinary owner,e2e/interaction-ownership.spec.ts:406,"Connect and open a workspace, send a prompt and capture its exact Session and turn ids, then queue a follow-up. Inject interaction frames and terminal traffic on a foreign topic and confirm nothing surfaces; then inject an owner-topic request and answer it, and let the queued prompt drain.",Foreign-topic and terminal frames never show a dialog and never send a response; the owner-topic interaction appears and is answered with the exact Session and interaction id and no topic field; the queued prompt drains on the same Session with a new turn; the hydration count is unchanged.,session/open; turn/start; approval/requested; approval/respond; user_question/requested; user_question/respond,all,fixture,
e2e/interaction-ownership.spec.ts,responds to a parked approval from the owning Session with exact ids,e2e/interaction-ownership.spec.ts:531,"Connect and open a workspace, send a prompt so Session A raises an approval, then create sibling Session B. Return to A and accept the restored approval.",A's approval is restored only under A and stays hidden under B; exactly one approval response is sent carrying A's Session and the request's approval id; only A's Session receives the completed terminal.,session/open; turn/start; approval/requested; approval/respond,all,fixture,
e2e/interaction-ownership.spec.ts,restores and resolves a parked question on its owning Session with exact ids,e2e/interaction-ownership.spec.ts:598,"Connect and open a workspace, send a prompt so Session A raises a structured question, then create sibling Session B. Return to A, select Full, and continue.","The question is restored only under A and stays hidden under B; exactly one question response is sent with A's Session, the request's question id and the Full selection; only A's Session receives the completed terminal.",session/open; turn/start; user_question/requested; user_question/respond,all,fixture,
e2e/interaction-ownership.spec.ts,keeps three concurrent parked questions bound to their Sessions and resolves them out of order,e2e/interaction-ownership.spec.ts:670,"Connect and open a workspace, raise a question on Session A, then create Sessions B and C and raise a question on each so all three park together. Switch among all three without answering, then answer out of order: B, A, then C.","Three distinct Sessions, questions and turns each park their own question; switching alone never answers, cancels or interrupts; the three responses go out in B, A, C order, each correlated to its own request id and answering its own question; each Session receives exactly one completed terminal for its own original turn.",session/open; turn/start; user_question/requested; user_question/respond,all,fixture,
e2e/keyboard-parity.spec.ts,"opens, navigates, and executes the command palette by keyboard only",e2e/keyboard-parity.spec.ts:109,"Connect and start a workspace with the keyboard, focus the composer, and type a slash to open the command palette. Move the selection with ArrowDown and ArrowUp (wrapping at both ends), Tab into the options, Escape back to the composer, then filter to /theme and run it with Enter.",The palette opens with the selection following the arrow keys and wrapping; the textbox keeps focus and exposes its active option; Escape closes the palette; running /theme opens Browser preferences and never starts a turn.,session/open,all,fixture,
e2e/keyboard-parity.spec.ts,switches sessions by keyboard and preserves sidebar focus order,e2e/keyboard-parity.spec.ts:173,"Connect and start a workspace with the keyboard, create a second Session with Enter, then walk the sidebar rows with Home, ArrowDown and ArrowUp and switch back to the first Session with Enter.",The second Session appears; the tree's active row follows the arrow keys without gaps; Enter switches the active row without reopening the Session or starting a turn.,session/open,all,fixture,
e2e/keyboard-parity.spec.ts,Esc closes the palette inertly and interrupts only a live turn,e2e/keyboard-parity.spec.ts:266,"Connect and start a workspace with the keyboard, open the palette and press Escape, then press a bare Escape with no turn active. Hold the next terminal, send a prompt so a turn is live, and press Escape.","Escaping the palette closes it without interrupting; a bare Escape with no live turn does nothing; with a held live turn, Escape sends exactly one interrupt for that turn.",session/open; turn/start; turn/interrupt,all,fixture,
e2e/keyboard-parity.spec.ts,Alt+A focuses the pending approval panel and announces when none waits,e2e/keyboard-parity.spec.ts:335,"Connect and start a workspace. With no approval pending, press Alt+A from a non-input focus, then raise an approval, move focus away, and press Alt+A again.","With no approval pending, Alt+A announces that no approval is waiting and shows no panel; once an approval is raised, Alt+A focuses that panel.",session/open; turn/start; approval/requested,all,fixture,
e2e/keyboard-parity.spec.ts,Alt+D focuses Fleet's capability notice; suppressed inside inputs,e2e/keyboard-parity.spec.ts:379,"Connect and start a workspace. Press Alt+D with focus in the composer, then from a non-input focus press Alt+D to enter Fleet. Open the Session settings dialog and press Alt+D again.","The composer press does nothing; the second press reveals Fleet's capability notice, focuses it, and shows no Start form; an open dialog suppresses the chord.",session/open,all,fixture,
e2e/keyboard-parity.spec.ts,"Alt+P toggles the peer dock fold, expanding and collapsing symmetrically",e2e/keyboard-parity.spec.ts:434,"Connect and start a workspace, then stage two peers through the peer dialog using only the keyboard. Press Alt+P from a non-input focus to collapse the dock, then press Alt+P again to expand it.","With no peers the dock is absent; after staging two, the dock shows an expanded control with two rows; Alt+P collapses it to a single collapsed control with no rows, and a second Alt+P restores the two rows.",session/open; peer/staged,all,fixture,
e2e/loaf.spec.ts,streaming turn stays under the long-frame budget,e2e/loaf.spec.ts:32,"Open a session, begin observing long animation frames, and stream a turn to completion.",No long animation frame during the streaming phase exceeds the 200 ms budget.,session/open; turn/start; message/delta; turn/completed,all,fixture,
e2e/local-preferences.spec.ts,"five themes and live language/Vim changes preserve two busy Sessions, queued text and local images without RPC",e2e/local-preferences.spec.ts:202,"Open the client and start two Sessions in one workspace. Hold a turn in each, queue a second prompt in the first and attach a local image, then cycle all five themes and switch language and Vim mode while both turns are still running.","Each theme repaints the app to its documented surface and accent colour, language and Vim changes apply live, the other Session's draft and the queued prompt and image survive, and no extra server request is made while preferences are switched.",session/open; session/hydrate; turn/start,all,fixture,
e2e/local-preferences.spec.ts,language changes translate retained ${kind} controls without translating Core content or changing its owner,e2e/local-preferences.spec.ts:419,"Start two Sessions, switch the language to Chinese, then raise an approval (or question) request in the first. Switch to the second Session, set the language back to English and return to the still-open request.","The takeover's own buttons and headings follow the active language while the Core-supplied prompt text keeps its original wording, displaying the request sends no response, and answering it once returns exactly one response bound to the same Session and request id.",session/open; session/hydrate; turn/start; approval/requested; approval/respond; user_question/requested; user_question/respond,all,fixture,
e2e/local-preferences.spec.ts,"Vim editing keeps Insert Escape and pending-operator Escape local, while Normal Enter uses the existing FIFO",e2e/local-preferences.spec.ts:500,"Enable Vim mode, start a turn and hold it running, then edit the draft: escape out of Insert mode, start an operator and escape it, apply a small Normal-mode edit, and send from Normal mode while the first turn is still running.","Escaping from Insert and from a pending operator only changes mode and never interrupts the running turn, the Normal-mode edit applies to the draft, and sending from Normal mode queues the prompt so it starts only once the held turn is released.",session/open; session/hydrate; turn/start,all,fixture,
e2e/local-preferences.spec.ts,"Vim focus/Session ownership, Unicode deletion, IME and clipboard modifiers never edit another draft or hijack native keys",e2e/local-preferences.spec.ts:540,"Enable Vim mode, type a draft containing an emoji in the first Session, start an operator, switch to a new Session and edit its own draft, then switch back. Also fire composing, Escape and clipboard-modifier key presses at the composer.","Each Session keeps its own draft and cursor, Unicode deletion removes the intended character, composing and modifier key presses are left for the browser to handle, and no turn is started or interrupted.",session/open; session/hydrate,all,fixture,
e2e/local-preferences.spec.ts,"bare Normal Escape interrupts only the selected owner, while Vim changes preserve the other busy Session",e2e/local-preferences.spec.ts:614,"Enable Vim mode and hold a turn in each of two Sessions. Select the first Session, focus its composer and press Escape in Normal mode, then check the second Session.","Exactly one interrupt is sent, bound to the selected Session and its turn, the second Session's turn keeps running, and no extra turns are started.",session/open; session/hydrate; turn/start; turn/interrupt,all,fixture,
e2e/local-preferences.spec.ts,only explicit save persists display preferences; reload restores preferences and the separate draft without storing credentials,e2e/local-preferences.spec.ts:652,"Open a workspace, change theme, language and Vim mode in the browser preferences but close without saving, then save them explicitly. Type a draft, reload the page, then change only the language and save again.","Nothing is written to browser storage until the explicit save, the saved record holds exactly theme, language and Vim mode, the auth token never appears in storage, and after reload the saved preferences, the language attribute and the separate draft are all restored.",session/open; session/hydrate,all,fixture,Display preferences live in browser local storage and draft recovery is browser-local; the workspace connection is the only native touch.
e2e/modal-a11y.spec.ts,Escape closes the modal and returns focus to its opener,e2e/modal-a11y.spec.ts:60,"Start a workspace, open Settings from the navigation, then press Escape.","The Settings surface is described to assistive technology as a modal, Escape removes it, and keyboard focus returns to the Settings button that opened it.",session/open; session/hydrate,all,fixture,Pure modal focus management in the browser; no native counterpart.
e2e/modal-a11y.spec.ts,initial focus lands on the surface's first focusable control,e2e/modal-a11y.spec.ts:74,"Start a workspace and open Settings, then look at where keyboard focus landed.",Focus is inside the Settings surface and specifically on the close-settings control.,session/open; session/hydrate,all,fixture,Pure modal focus management in the browser; no native counterpart.
e2e/modal-a11y.spec.ts,Tab and Shift+Tab cycle focus inside the modal only,e2e/modal-a11y.spec.ts:86,"Start a workspace, open Settings, then press Tab eight times and Shift+Tab eight times.",After every keystroke focus stays inside the Settings surface and never escapes to the page behind it.,session/open; session/hydrate,all,fixture,Pure modal focus management in the browser; no native counterpart.
e2e/modal-a11y.spec.ts,background content is hidden from assistive tech while open,e2e/modal-a11y.spec.ts:102,"Start a workspace, open Settings, then close it with Escape.","While Settings is open the workspace shell behind it is hidden from assistive technology, and once it closes the shell is exposed again.",session/open; session/hydrate,all,fixture,Pure modal background-hiding bookkeeping in the browser; no native counterpart.
e2e/modal-stack.spec.ts,review above an approval owns Tab and Escape at ${viewport.width}px,e2e/modal-stack.spec.ts:23,"Connect, start a workspace, and send a prompt that requests approval; open the diff review from the approval, cycle Tab several times, then press Escape once and again.","Focus stays inside the review, each surface mounts directly under the page, the first Escape returns focus to the approval's review control without an interrupt, and the second Escape sends exactly one turn interrupt.",session/open; turn/start; approval/requested; turn/interrupt,all,fixture,
e2e/modal-stack.spec.ts,canceling a provider confirmation preserves Settings at ${viewport.width}px,e2e/modal-stack.spec.ts:102,"Connect, start a workspace, open Settings from the navigation, select Models, and start deleting a provider; cancel the confirmation, then close Settings.","Focus is trapped inside the confirmation, its cancel returns focus to the delete control, and closing Settings hands focus back to the control that opened it.",session/open,all,fixture,
e2e/model-management.spec.ts,manages a provider through the DSH-style Models settings flow,e2e/model-management.spec.ts:62,"Connect and start a workspace, open Settings then Models, and confirm the configured primary provider shows its credential. Add a provider, enter an API key, test the connection, fetch the available models and save. Then edit the provider and finally delete it by typing the confirmation phrase.",The editor pre-fills the defaults; a successful connection and a list of two models appear; saving adds the provider showing its route and credential-configured state with the key never leaking into the DOM or storage; editing shows a blank masked key; deleting requires the typed phrase and removes the provider.,,none,fixture,
e2e/model-management.spec.ts,keeps a rejected provider draft while redacting the failure,e2e/model-management.spec.ts:168,"Connect and start a workspace, open Settings then Models and Add provider, fill a family id and a secret API key, then test the connection so it fails.","The editor shows the connection-failed message and keeps the family, model and route values and the typed key, while the key never appears anywhere in the page text.",,none,fixture,
e2e/multi-session-fence-soak.spec.ts,"holds 12 Sessions + 3 native peers on one pooled socket, refuses a peer-owned interrupt with the fence notice, and keeps per-Session record order",e2e/multi-session-fence-soak.spec.ts:428,"Connect and start one workspace, open twelve sessions in it, stage three peers from one session, and send one message in each while a peer-owned turn is held. Try to interrupt the peer-owned turn, then release every held turn one at a time.",All sessions and peers share one pooled socket; the peer-owned interrupt is refused with the fence notice while its turn stays held; the peer dock lists the three staged peers; and every session returns to idle with no misplaced records.,session/open; turn/start; turn/interrupt; peer/staged; projection/envelope,all,fixture,
e2e/multi-session-recovery-soak.spec.ts,runs bounded repeated waves across three progressing Sessions with per-Session queued followups,e2e/multi-session-recovery-soak.spec.ts:430,"Open a workspace, create two sibling sessions, then run repeated waves where each session gets a slow turn with a queued follow-up that is released one at a time.","All three sessions progress concurrently with no interrupts, each queued follow-up starts on its own session only after that session's released terminal carrying the same session id, and the socket-owned active sessions match exactly those three.",session/open; session/hydrate; turn/start; turn/completed; turn/interrupt; projection/envelope,all,fixture,
e2e/multi-session-recovery-soak.spec.ts,"parks a background approval on its owning Session across A/B/C switching, drains its queued followup, and survives an observer reconnect",e2e/multi-session-recovery-soak.spec.ts:563,"Open a workspace and start an approval-requesting turn with a queued follow-up, let the approval park, switch between sessions, drain the queued follow-up, then reconnect the observer.","The approval stays parked on its owning session across switches, the queued follow-up drains on that session, and an observer reconnect re-hydrates without losing the parked state or leaking to other sessions.",session/open; session/hydrate; turn/start; turn/completed; approval/requested; approval/respond; projection/envelope,all,fixture,
e2e/multi-session-recovery-soak.spec.ts,resolves three concurrent parked background approvals out of order without cross-Session leakage,e2e/multi-session-recovery-soak.spec.ts:790,"Open a workspace, create three sessions, park one approval in each, then resolve them in reverse order.","Three approvals park concurrently, each on its own session with distinct ids; resolving them out of order returns each response with its own session's ids and never leaks across sessions.",session/open; session/hydrate; turn/start; approval/requested; approval/respond,all,fixture,
e2e/multi-session-recovery-soak.spec.ts,keeps exactly ONE live transport while an active A and its queued A2 recover across a transport disconnect,e2e/multi-session-recovery-soak.spec.ts:898,"Open a workspace, start a turn with a queued follow-up, create two sibling sessions that make progress, then disconnect the transport and reconnect.",Only one live transport is held; the active turn and its queued follow-up recover across the disconnect on the same session while the siblings' progress is preserved.,session/open; session/hydrate; turn/start; turn/completed; turn/interrupt; projection/envelope,all,fixture,
e2e/native-workflows.spec.ts,native commands fail closed when the original fixture does not advertise them,e2e/native-workflows.spec.ts:191,"Connect to a server that withholds the native commands and add a workspace. Run the turn-state command for a fixed turn id, watch the Turn state inspector open, and close it. Then enter each of /btw, /threads, /goal, /agents, /loop and /permissions.","The inspector opens and closes for the advertised command; every withheld command shows the unavailable notice for that command; no turn is started and none of the withheld methods is sent, while the turn-state read is driven at least once.",session/open; turn/state/get; session/btw; thread/graph/get; session/goal/get; agent/list; loop/create; approval/scopes/list,all,fixture,
e2e/native-workflows.spec.ts,native asides remain ephemeral and owned by their original Session across delayed A to B replies,e2e/native-workflows.spec.ts:240,"Connect and open an aside-capable workspace, then hold the reply to an aside question on Session A. Ask an aside question on A, then start a sibling Session B and ask a second aside question. Type an unsent draft in B, release A, and confirm B keeps its draft; finally switch back to A and dismiss its aside.",Each aside text appears only under its owning Session and never under the other; switching Sessions preserves the unsent draft; exactly two aside frames are sent and no turn is started.,session/open; session/btw,all,fixture,
e2e/native-workflows.spec.ts,"thread, turn and remembered-scope inspectors use exact owners and discard closed A reads after B opens",e2e/native-workflows.spec.ts:280,"Connect and open a workspace, send a prompt and let its turn finish. Open the thread inspector for Session A with its read held, close it, start sibling Session B and open the thread inspector there, then release A and refresh. Read turn state for the finished turn id under B and then under A, run the malformed turn commands, and open the remembered-approvals inspector.",Inspectors bind to the selected Session's exact id; a read held for A never renders under B; turn state reads as unknown under B and completed under A; malformed turn forms are refused; exactly two turn-state reads and one remembered-scope read are sent and only one turn started.,session/open; turn/start; thread/graph/get; turn/state/get; approval/scopes/list,all,fixture,
e2e/native-workflows.spec.ts,a dropped native steer returns once to its owning FIFO while a different Session is selected,e2e/native-workflows.spec.ts:358,"Connect, enable steering, and hold the next terminal. Send a steerable prompt on Session A, send a follow-up that is returned to A's queue, and confirm the turn inspector shows it active. Start sibling Session B, type an unsent draft there, and drop two steer attempts aimed at A. Switch to A (one queued item), turn steering off, queue an ordinary successor, switch back to B, release A, and watch A run in order.","A dropped steer re-queues once to its owning Session, interrupts nothing, and produces two steer-dropped notices; A runs three distinct turns in FIFO order while B keeps its draft; no interrupt is sent.",session/open; turn/start; turn/interrupt; turn/state/get; turn/steer_dropped,all,fixture,
e2e/native-workflows.spec.ts,"goal pause, resume and stop preserve the current objective and budget, and newer notifications cancel stale transitions",e2e/native-workflows.spec.ts:459,"Connect and open the autonomy panel, then set a Session goal with an objective and a token budget. Pause and resume it. Hold the goal read and pause again so the panel locks, inject a newer server-owned objective, then release and finally stop and clear the goal.","The set carries the exact objective, status, actor and budget; pause and resume preserve the objective; while the read is held the panel is locked and a newer notification replaces the objective and cancels the stale transition; clearing empties the goal; four set frames and one clear, with no turn started.",session/open; session/goal/set; session/goal/get; session/goal/clear; session/goal/updated,all,fixture,
e2e/native-workflows.spec.ts,native agent receipts settle terminal status and delayed artifact reads cannot cross Session ownership,e2e/native-workflows.spec.ts:536,"Connect and open the agents inspector showing two agents. Hold the status read for one agent, close it, release, and read its status again. List and read an artifact, then hold a second artifact read, close the inspector, start sibling Session B, reopen agents and read the same artifact. Release A, interrupt the agent, and request two parallel agents through the form.","Agent receipts settle terminal status; a delayed artifact read owned by A never renders under B; close, artifact-read and interrupt frames carry the exact Session id; the parallel-agents form submits one ordinary turn start with no agent spawn.",session/open; turn/start; agent/status/read; agent/close; agent/artifact/read; agent/interrupt; agent/artifact/list,all,fixture,
e2e/native-workflows.spec.ts,"native maintenance, self-paced and fixed loops send one typed creation each without automatic firing",e2e/native-workflows.spec.ts:681,"Connect and open the loops panel. Create a maintenance loop, then a self-paced loop with a prompt that is held so the form locks and is then released, then a fixed-interval loop after a series of rejected intervals. Pause, resume and delete the fixed loop.","Each creation sends exactly one typed creation with the right mode, prompt and interval; invalid intervals keep Create disabled; pause, resume and delete send the exact loop id; no loop ever auto-fires and no turn starts.",session/open; loop/create; loop/pause; loop/resume; loop/delete; loop/fire_now,all,fixture,
e2e/native-workflows.spec.ts,goal notifications admit arbitrary-base strictly-increasing generations and drop stale or foreign owners,e2e/native-workflows.spec.ts:771,"Connect with an in-page receipt barrier installed before navigation, open the autonomy panel, and set a base goal. Inject goal updates with an arbitrary starting generation and a gap, then a duplicate, a stale value, a foreign-owner event, and finally a genuine higher generation.","Strictly-increasing same-owner generations render; duplicate, stale and foreign-owner objectives never render and do not poison the owner's watermark; the genuine later generation renders; each exact frame is seen at both the transport and the in-page barriers; no turn starts.",session/open; session/goal/set; session/goal/updated,all,fixture,
e2e/native-workflows.spec.ts,"native monitors create, list, pause, resume and delete through typed receipts",e2e/native-workflows.spec.ts:1041,"Connect and open the monitors panel, then create a polling monitor with a name and a probe command. Pause it, resume it, and finally delete it.","Create, pause, resume and delete each settle a typed success receipt carrying the exact session and monitor id, with status active, then paused, then active, and a pause reason of user; the row disappears after delete; no turn starts.",session/open; monitor/create; monitor/pause; monitor/resume; monitor/delete,all,fixture,
e2e/native-workflows.spec.ts,native fixed-loop fire now sends one typed manual receipt without changing loop status,e2e/native-workflows.spec.ts:1143,Connect and open the loops panel and create a fixed-interval loop. Use that loop row's Fire control.,"Exactly one fire request is sent with the exact loop id; its receipt reports success, a top-level queued status, the loop itself still active, and a queued fire with reason LoopFire; the panel status names the fired loop id; pause stays available and no turn starts.",session/open; loop/create; loop/fire_now,all,fixture,
e2e/onboarding.spec.ts,validates the address without opening a socket and leaves focus on the correction,e2e/onboarding.spec.ts:18,"Open the web client and submit an invalid server address, then submit an address that carries an inline token. Then choose to use the current page's own origin.","An incomplete address shows the complete-address error and leaves focus on the field marked invalid; an inline token shows the token-belongs-in-the-auth-field error; choosing the page origin fills the origin, refocuses the field, clears the error, and no socket is opened in any step.",,none,none,Pure connect-screen address validation and focus handling; the case deliberately opens no socket and sends no protocol frame.
e2e/onboarding.spec.ts,explains missing authentication while preserving password privacy and IME entry,e2e/onboarding.spec.ts:47,"Open the web client, enter a server address, and submit the empty auth field once while composing and once plainly. Then fill a token, confirm it is masked, reveal it, and hide it again.","The composing Enter does nothing and the Connect control stays; the plain Enter shows the auth-required error with no workspace chooser; the token field stays a password field until revealed, and hiding restores the masking.",,none,none,Client-side auth-field validation and masking only; no connection is established and no protocol frame is sent.
e2e/onboarding.spec.ts,starts a first workspace with the keyboard and focuses the useful field when adding another,e2e/onboarding.spec.ts:77,"Connect with the keyboard and start a first workspace from the workspace-path field, then type an unsent draft in the composer. Open the Add-workspace dialog and press Escape.","The first workspace opens and the composer keeps the draft; the Add-workspace dialog focuses its path field, and Escape closes it without losing the draft.",session/open; launch/resolve,all,fixture,
e2e/onboarding.spec.ts,keeps an in-flight workspace creation visible when Escape or the backdrop is used,e2e/onboarding.spec.ts:103,"Connect with the keyboard and start a first workspace. Open Add workspace and start a second workspace whose resolution is held so the Starting control is disabled. Press Escape and click the backdrop, then let the creation finish.","While creation is pending, Escape and the backdrop do not close the dialog; once the held resolution is released the dialog closes and the new workspace appears.",session/open; launch/resolve,all,fixture,
e2e/pairing-link.spec.ts,a good link connects with no token box and leaves nothing in the address,e2e/pairing-link.spec.ts:48,Open the web client from a server-printed pairing link with a fresh code. The client connects on its own and the address bar no longer carries the pairing values.,"The workspace gate appears with no token box, the URL retains neither the pair nor the octos parameter, and the code appears in no stored value or outgoing referrer.",,none,fixture,"Pairing-link intake is browser-only: query-string handling plus tab and legacy storage migration, with no ws protocol surface."
e2e/pairing-link.spec.ts,a used link says so and falls back to the form with the origin prefilled,e2e/pairing-link.spec.ts:138,"Open the web client from a pairing link whose code was already used. The form reports the link is spent with the server origin filled in, and entering a token by hand still connects.","The used-link message and its fresh-link next step are shown, the origin is prefilled, and the manual token still reaches the workspace gate.",session/open,all,fixture,
e2e/pairing-link.spec.ts,an expired code and a malformed link each get their own bounded copy,e2e/pairing-link.spec.ts:159,"Open the web client from an expired pairing link, then from a malformed one.","Each gets its own bounded explanation and next step, the origin stays prefilled, and the fixture's attempt budget is left untouched.",,none,fixture,Expired and malformed link handling is browser-side URL parsing and bounded copy; no protocol session is opened.
e2e/pairing-link.spec.ts,an octos origin off this computer is refused without a request,e2e/pairing-link.spec.ts:184,Open a pairing link whose origin is not this computer.,"The client refuses the origin with its own copy before sending any request, and the refused address is not prefilled into the form.",,none,fixture,"Refusing a non-local origin happens before any request, so it is browser-side origin validation with no protocol traffic."
e2e/pairing-link.spec.ts,the paired token survives only this tab until Forget,e2e/pairing-link.spec.ts:205,"Open the web client from a fresh pairing link, reload the tab, then open a second tab; finally use Forget in Settings and reload again.","The credential survives a reload in the same tab, is absent in a new tab, and is removed by Forget so the connect form returns empty.",,none,fixture,"Tab-scoped credential lifetime (session storage isolation, reload persistence and Forget eviction) is browser storage semantics with no protocol surface."
e2e/pairing-link.spec.ts,a server that 404s /pair/info is simply pairing not supported,e2e/pairing-link.spec.ts:244,"Open the web client against a server that does not support pairing, then connect by hand with an origin and token.","No alert and no discovery offer are shown, and the manual form still reaches the workspace gate.",session/open,all,fixture,
e2e/pairing-link.spec.ts,a pairing-capable server this browser has seen offers itself once,e2e/pairing-link.spec.ts:272,Open the web client on a browser that has previously seen a pairing-capable server at this origin.,"The remembered server offers itself once by name, with no error alert.",,none,fixture,"The discovery offer is a browser-side probe of a remembered endpoint, made with no protocol session."
e2e/peer-activity-and-restore.spec.ts,"staging renders idle, then a peer turn flips the row to live",e2e/peer-activity-and-restore.spec.ts:187,"Connect and start a workspace, stage two peers through the session-peers dialog, then drive one peer's own turn.","The peer's row first renders idle with its numbered label, then flips to streaming once that peer's own turn starts.",session/open; peer/staged; turn/started,all,fixture,
e2e/peer-activity-and-restore.spec.ts,a peer approval blocks the row; Alt+Y stays fail-closed; a resolution clears it,e2e/peer-activity-and-restore.spec.ts:220,"Stage peers, drive one peer's turn, then raise that peer's own approval; focus the row and press Alt+Y, then resolve the approval.","The row shows a blocked needs-you state, Alt+Y offers no row action and sends no control frame, and a resolution returns the row to live.",session/open; peer/staged; approval/requested; approval/decided,all,fixture,
e2e/peer-activity-and-restore.spec.ts,a peer turn terminal lands the row as done while its sibling stays unlanded,e2e/peer-activity-and-restore.spec.ts:266,"Stage two peers, start a turn on the first, and let it complete while the second stays active.","The finished peer's row lands as done with a Peer N, done label while its sibling never lands.",session/open; peer/staged; turn/started; turn/completed,all,fixture,
e2e/peer-activity-and-restore.spec.ts,a draft is restored only in the session that owned the interrupted turn,e2e/peer-activity-and-restore.spec.ts:308,"Start a workspace, type a draft, send it, and interrupt the running turn; then open a sibling session and return to the first.","The interrupted prompt is restored to the composer of the session that owned it, is empty in the sibling session, and returns exactly once.",session/open; turn/start; turn/interrupt,all,fixture,
e2e/peer-activity-and-restore.spec.ts,"removes exactly the done row, keeps the live row, and announces the count",e2e/peer-activity-and-restore.spec.ts:373,"Stage two peers, start a turn on each, let only the first land as done, then issue the peer-clear command from the composer.","Exactly the finished row is pruned while the live row survives unchanged, and the composer's status region announces that one finished peer was cleared.",session/open; peer/staged; turn/started; turn/completed,all,fixture,
e2e/peer-control.spec.ts,no seat panel when peer/control is unadvertised (no-method),e2e/peer-control.spec.ts:202,Connect to a workspace that does not advertise the peer-control method and open the session settings pane.,No peer seat command panel is mounted and zero peer-control frames are sent.,session/open,all,fixture,
e2e/peer-control.spec.ts,no seat panel when external_driver_v1 is unadvertised (no-feature),e2e/peer-control.spec.ts:211,Connect to a workspace that does not advertise the external-driver feature and open the session settings pane.,No peer seat command panel is mounted and zero peer-control frames are sent.,session/open,all,fixture,
e2e/peer-control.spec.ts,each of the four commands emits exactly ONE peer/control frame,e2e/peer-control.spec.ts:221,"Connect to a workspace that advertises peer control and open the session settings pane, then activate each of the four seat commands (approval respond, question respond, steer, interrupt) in turn.",The seat command group is visible and each of the four commands emits exactly one peer-control frame.,session/open,all,fixture,
e2e/peer-control.spec.ts,an accepted receipt renders its slug and duplicate:false,e2e/peer-control.spec.ts:238,"Connect to a workspace that advertises peer control, open the session settings pane, and activate the steer seat command.","The receipt shows the slug 'synthetic-peer' and the duplicate:false label 'Newly applied', and exactly one peer-control frame was sent with an accepted result.",session/open,all,fixture,
e2e/peer-control.spec.ts,an idempotent replay renders duplicate:true,e2e/peer-control.spec.ts:258,"Connect to the duplicate workspace variant, open the session settings pane, and activate the steer command twice.",The receipt reads 'Already applied' (duplicate:true) and exactly two peer-control frames were sent.,session/open,all,fixture,
e2e/peer-control.spec.ts,a refused RECEIPT renders the typed peer_control_refused refusal,e2e/peer-control.spec.ts:272,"Connect to the refused workspace variant, open the session settings pane, and activate the steer command.","A refusal alert typed peer_control_refused, reading 'That action was refused.', is shown and exactly one peer-control frame was sent.",session/open,all,fixture,
e2e/peer-control.spec.ts,"a driver_fence_stale typed error drops the seat, keeps the §6 label",e2e/peer-control.spec.ts:288,"Connect to the stale workspace variant, open the session settings pane, and activate the steer command.",The seat panel unmounts with no refusal alert while the pane shows the bounded label 'Your control of this session expired' and never the raw server copy.,session/open,all,fixture,
e2e/peer-control.spec.ts,commands are keyboard-reachable and still emit exactly one frame,e2e/peer-control.spec.ts:316,"Connect to a workspace that advertises peer control, open the session settings pane, focus the steer command, and press Enter.","The steer command receives focus, activates by keyboard, and emits exactly one peer-control frame.",session/open,all,fixture,
e2e/peer-controller.spec.ts,Fleet opens from the navigation footer and lists the mock's 2 lanes,e2e/peer-controller.spec.ts:239,"Connect to a server and start a workspace, then open the Fleet surface from the navigation footer. The model picker lists the server's advertised lanes and an empty-state message is shown before anything is dispatched.","The picker offers exactly the server's advertised lane keys, the empty state is visible, and no peer dispatch frames have been sent.",session/open,all,fixture,
e2e/peer-controller.spec.ts,Start stays disabled until a model is chosen and a brief is typed,e2e/peer-controller.spec.ts:260,"Open Fleet and look at the Start control, then choose a model. Start stays disabled; type a brief into the brief field and it becomes enabled; clear the brief and it disables again.","Start enables only when both a model is chosen and a non-empty brief is present, and disables as soon as either is missing.",session/open,all,fixture,
e2e/peer-controller.spec.ts,Start acquires then emits exactly ONE peer/dispatch and adopts a Fleet row,e2e/peer-controller.spec.ts:276,"Open Fleet, choose a model and type a brief, then press Start. The dispatch is accepted and a row for the adopted peer appears.","Exactly one dispatch is sent after the peer acquisition, a row is rendered, and its label reads 'Peer N' rather than a raw slug.",session/open,all,fixture,
e2e/peer-controller.spec.ts,a second Start mints a DISTINCT operation id (no accidental replay),e2e/peer-controller.spec.ts:306,"Open Fleet and start a peer, then start a second peer from the same form.","Each Start mints a distinct operation id, so the second dispatch is not an accidental replay of the first.",session/open,all,fixture,
e2e/peer-controller.spec.ts,Steer from the row emits exactly ONE peer/control steer frame,e2e/peer-controller.spec.ts:324,"Open Fleet, start a peer, and type a steer message into that row's own input, then activate Steer.","Steer is disabled while the input is blank and, once typed, sends exactly one control frame carrying the operator's text and targeting the adopted turn.",session/open,all,fixture,
e2e/peer-controller.spec.ts,Approve from the row emits exactly ONE approval_respond frame,e2e/peer-controller.spec.ts:348,"Open Fleet, start a peer, and raise that peer's own pending approval; once the row reports it is waiting for you, activate Approve.",Approve is offered only while the row is actually waiting for approval and sends exactly one approval response frame.,session/open; approval/requested; approval/respond,all,fixture,
e2e/peer-controller.spec.ts,Stop from the row emits exactly ONE interrupt frame,e2e/peer-controller.spec.ts:399,"Open Fleet, start a peer, and activate Stop on that row.",Exactly one interrupt frame is sent for the peer.,session/open; turn/interrupt,all,fixture,
e2e/peer-controller.spec.ts,a stale lease refuses peer/dispatch with the bounded §6 label,e2e/peer-controller.spec.ts:415,Open Fleet in a workspace whose lease is stale and start a peer.,The row shows the bounded stale-lease copy and never the raw server detail or dispatch error text.,session/open,all,fixture,
e2e/peer-controller.spec.ts,"a refused peer/dispatch renders the bounded label, never server copy",e2e/peer-controller.spec.ts:430,Open Fleet in a workspace that refuses the dispatch and start a peer.,"The row shows the bounded model-not-configured label and never leaks the raw server copy, the error code, or the payload digest.",session/open,all,fixture,
e2e/peer-controller.spec.ts,the protocol console renders ONLY behind Fleet's Advanced disclosure,e2e/peer-controller.spec.ts:445,Open Fleet and look at the surface before and after revealing its Advanced disclosure.,No protocol console is present by default and it becomes visible only once the Advanced disclosure is opened.,session/open,all,fixture,
e2e/peer-controller.spec.ts,an unknown lane is unconstructible: the picker is the ONLY lane source,e2e/peer-controller.spec.ts:458,Open Fleet and inspect the options the model picker offers.,"Every offered lane key belongs to the server's advertised set, so an unknown lane cannot be constructed.",session/open,all,fixture,
e2e/peer-dock.spec.ts,peer dock shows the staged roster and keeps approval actions fail-closed,e2e/peer-dock.spec.ts:115,"Connect and start a workspace; the peer dock is hidden with no peers. Send the /peer command, start a two-peer fleet in the dialog, close it, then focus a peer row and try the Alt+Y approval shortcut.","The dock appears with two peer rows (activity glyph and a ""Peer N — activity"" label, no raw slug); no fold pill or row action renders, and Alt+Y sends no approval request.",session/open; peer/staged,all,fixture,
e2e/peer-readonly-composer.spec.ts,focused peer shows the read-only composer and Esc never leaks,e2e/peer-readonly-composer.spec.ts:111,"Connect and start a workspace, stage one peer through the session-peers dialog, and focus that peer's session; then press Escape, switch back to the master, and interrupt a live turn from there.","The focused peer shows a disabled composer with a read-only hint naming the peer, Escape on the peer sends no interrupt, and the master's own Escape still interrupts its live turn.",session/open; peer/staged; turn/interrupt,all,fixture,
e2e/plan-card.spec.ts,"shows the plan, replaces it wholesale, and clears it when the turn ends",e2e/plan-card.spec.ts:73,"Start a workspace against a server that streams plans, send the plan prompt, and watch the checklist above the composer; advance it once, then let the turn end.","The first plan shows three items with progress, the next update replaces the list wholesale rather than merging, and the card clears when the turn ends.",session/open; turn/start; plan/updated; turn/completed,all,fixture,
e2e/plan-card.spec.ts,collapses and expands from the keyboard without losing the plan,e2e/plan-card.spec.ts:111,"Send the plan prompt so the card appears, then collapse and expand it with the keyboard while the turn is held open.","Enter collapses the card while its header still names the work and progress, Space expands it again, and the plan survives with no accessibility violations.",session/open; turn/start; plan/updated,all,fixture,
e2e/plan-card.spec.ts,renders no plan surface when the server does not advertise the feature,e2e/plan-card.spec.ts:143,Start a workspace against a server that does not advertise plans and send a prompt that completes normally.,The turn completes normally but no plan surface is pinned above the composer.,session/open; turn/start; turn/completed,all,fixture,
e2e/product.spec.ts,uses the DSH-aligned product sidebar and grouped or flat session views,e2e/product.spec.ts:188,"Connect to the server and start the workspace. The sidebar shows the Octoscode shell with a Workspaces-and-sessions tree holding the workspace and one open Session. Switch the session view between the grouped Workspace layout and a single flat list, then back.","The sidebar shows the Octoscode shell and a current Session row; choosing ""In one list"" shows a flat Sessions tree with no workspace group, and choosing ""Workspace"" restores the grouped tree.",session/open,all,fixture,
e2e/product.spec.ts,authenticates before any session and owns workspace selection in the hero,e2e/product.spec.ts:236,"Open the web client and connect with the server origin and token, but do not pick a workspace yet. The connection gate clears and the hero invites adding a workspace.","No session/open is sent until a workspace is chosen, no stale demo transcript shows, and the Add-workspace hero offers a workspace path field but no session id or profile id.",session/open,all,fixture,
e2e/product.spec.ts,keeps authentication when a remembered Session can no longer open,e2e/product.spec.ts:268,"Connect, start a workspace, then let the server reject reopening the remembered Session and reload the page. The app stays connected but reports the saved Session is gone and asks for a workspace.","After reload the sidebar is visible, the chooser reports ""saved Session is no longer available"", the connection gate is gone, the rejected session/open is retried exactly once, and starting a new workspace brings back the composer.",session/open; session/hydrate,all,fixture,
e2e/product.spec.ts,keeps confirmed Sessions and reselects healthy records without reopening,e2e/product.spec.ts:311,"Connect and start a workspace, open a second Session, reselect the original, then reload the page.","Both confirmed Sessions persist, the original is current after reselect and after reload, no session is deleted, and reselecting a healthy record does not reopen it.",session/open; session/hydrate,all,fixture,
e2e/product.spec.ts,keeps a server-accepted turn and sibling records on the same pooled socket,e2e/product.spec.ts:387,"Connect and start a workspace, send a prompt so a turn starts, then open a new Session while the turn runs.","The sibling Session appears with ""Completed in background"", the owner socket is never closed or reopened, and reselecting the first Session shows its completed reply.",session/open; turn/start,all,fixture,
e2e/product.spec.ts,selects a New Session before the source turn/start acknowledgement arrives,e2e/product.spec.ts:467,"Start a workspace and send a prompt the server holds unacknowledged. Try to queue /stop, then start a new Session before the first turn is acknowledged.","The new Session becomes current, no turn/interrupt is sent, the held start is unchanged, and no ""wait for Octos to accept"" warning appears.",session/open; turn/start; turn/interrupt,all,fixture,
e2e/product.spec.ts,keeps B selected when A's unacknowledged start is rejected,e2e/product.spec.ts:547,"Start a workspace, send a prompt held unacknowledged, open a new Session B, then let the server reject A's held start. Return to A.","B stays current with its draft intact; back on A the rejected prompt is restored with the server's rejection message and no ""wait for Octos"" warning shows.",session/open; turn/start,all,fixture,
e2e/product.spec.ts,"reports a start acknowledgement timeout as unknown, then settles on release",e2e/product.spec.ts:619,"Start a workspace, send a prompt the server holds past the request timeout, then release the held acknowledgement so the server accepts it.","The app shows ""Turn start timed out"" and ""do not resubmit"" without claiming rejection, then on release shows the completed reply and re-enables sending.",session/open; turn/start,all,fixture,
e2e/product.spec.ts,keeps a missing timed-out turn unknown until a targeted lookup confirms terminal,e2e/product.spec.ts:653,"Start a workspace, hold and time out a turn, then drop the connection and use Check status so a targeted turn-state lookup answers.","The timed-out turn stays unknown after hydrate and only resolves once the targeted lookup confirms terminal, while the active turn and pending queue are retained.",session/open; session/hydrate; turn/start; turn/state/get,all,fixture,
e2e/product.spec.ts,recovers A's held start after B is already selected without reopening B,e2e/product.spec.ts:722,"Start a workspace, send a held prompt in A, open B, return to A, then release the held start.","A's held start completes on release, B is not reopened, and A's completed reply appears exactly once.",session/open; turn/start,all,fixture,
e2e/product.spec.ts,"parks a recovery-admitted approval as Waiting, not Working",e2e/product.spec.ts:797,"Start a workspace, send a prompt that requests approval while its start is held, open a new Session, then trigger a lossy replay.","After recovery the source Session shows ""Waiting for input"", never ""Working in background"", and stays waiting after the held start is released.",session/open; session/hydrate; turn/start; approval/requested; protocol/replay_lossy,all,fixture,
e2e/product.spec.ts,folds a buffered approval ${scenario.name} before parking the Session,e2e/product.spec.ts:864,"Start a workspace, send a prompt that buffers an approval under a held start, open a new Session, then trigger a lossy replay. Runs once per buffered-approval scenario (request and resolution).","After recovery the source Session shows the scenario's expected status (""Waiting for input"" or ""Working in background"") and never the stale counterpart.",session/open; session/hydrate; turn/start; approval/requested; approval/decided; protocol/replay_lossy,all,fixture,
e2e/product.spec.ts,returns to A before acknowledgement without cancelling its held start,e2e/product.spec.ts:914,"Start a workspace, send a held prompt, open a new Session, then return to A before the start is acknowledged.","A is current again with its Start state preserved, no ""New Session opens next"" prompt remains, and releasing the start completes A's reply.",session/open; turn/start,all,fixture,
e2e/product.spec.ts,selects each retained target immediately while A's acknowledgement remains held,e2e/product.spec.ts:983,"Start a workspace, open extra Sessions, return to the first, send a held prompt, then click among the retained Sessions while the start is held.","Each retained target becomes current immediately with no extra session/open, and after release the last target stays current while A completes in background.",session/open; turn/start,all,fixture,
e2e/product.spec.ts,keeps A's held start and socket intact when B's candidate open fails,e2e/product.spec.ts:1072,"Start a workspace, send a held prompt, make the server reject a new Session's open, then retry the new Session.","The failed candidate shows a Retry; A stays current with its held Start and socket intact, and a later retry opens the Session.",session/open; turn/start,all,fixture,
e2e/product.spec.ts,does not project ambiguous legacy Session rows into a Workspace,e2e/product.spec.ts:1168,Connect and start a workspace and look at the sidebar session list.,"The sidebar shows exactly one real Session row, none of the static demo Sessions, and no ""Only the open session is shown."" note.",session/open; session/list,all,fixture,
e2e/product.spec.ts,lists a workspace's server-attested history in a fresh tab and opens a row it never opened,e2e/product.spec.ts:1187,"Seed a workspace history, open it in one tab, then open the same workspace in a fresh tab and select the historical Session.",The fresh tab lists both Sessions from the server's listing and opens the never-opened row as the current Session.,session/open; session/list; session/hydrate,all,fixture,
e2e/product.spec.ts,moves drafts only after a profile-choice Session transition commits,e2e/product.spec.ts:1225,"Start a workspace and type a draft, then add a cross-profile workspace, cancel the profile choice, then repeat and commit the profile choice.",Cancelling the profile choice keeps the original draft; committing the transition opens the new Session with an empty composer.,session/open,all,fixture,
e2e/product.spec.ts,"restores the origin, tab credential, session, and workspace after refresh",e2e/product.spec.ts:1260,"Connect with a token, start a workspace, then refresh the page and disconnect.",After refresh the sidebar and the selected Session return; disconnecting shows the connection gate with the server origin and the tab's token prefilled.,session/open; session/hydrate,all,fixture,
e2e/product.spec.ts,offers whole permission presets and confirms full access,e2e/product.spec.ts:1285,"Start a workspace, open Session settings, open the Permissions section, choose the Full access preset, and acknowledge the warning.","The preset menu lists Read/Write/Full access options; enabling Full access needs an acknowledgement before Enable works, and the trigger then reads ""Permission: Full access · Network allowed"".",session/open; permission/profile/set,all,fixture,
e2e/product.spec.ts,separates the Session runtime from the Profile default model,e2e/product.spec.ts:1346,"Start a workspace, open Session settings, and read the Model section.","The Model section describes the Session runtime separately from the profile's default model, showing the shared-profile note and the response's own model stamp.",session/open,all,fixture,
e2e/product.spec.ts,keeps server connection actions in General settings,e2e/product.spec.ts:1435,"Connect and start a workspace, open Settings, disconnect, reconnect, then use Forget server.","General settings shows the server origin, current workspace, and profile; disconnecting keeps the token, and Forget server returns to the connection gate with an empty token.",session/open,all,fixture,
e2e/product.spec.ts,owns plan and background work under the active session Trajectory,e2e/product.spec.ts:1463,"Start a workspace, send a prompt and wait for the reply, then switch from Chat to the Trajectory view and back.","The Trajectory view shows Plan and Background tasks with the fixture's task, hides the composer, and returning to Chat restores the transcript.",session/open; turn/start; plan/updated; task/updated,all,fixture,
e2e/product.spec.ts,does not expose implementation and diagnostic concepts as product IA,e2e/product.spec.ts:1499,Start a workspace and look through the sidebar and shell labels.,"The shell shows none of the implementation/diagnostic labels (Runtime, Boundary, Session files, Activity, and similar) and the sidebar has no Connection or Permissions wording.",session/open,all,fixture,
e2e/product.spec.ts,sends prompts without presenting billed input usage as context occupancy,e2e/product.spec.ts:1518,"Start a workspace and send a simple prompt, then wait for the reply.","The prompt and the completed reply appear, and no ""percent of the model context window used"" indicator is shown.",session/open; turn/start,all,fixture,
e2e/product.spec.ts,recovers the durable session after disconnect and lossy replay,e2e/product.spec.ts:1538,"Start a workspace, send a prompt and let it complete, then drop the connection and trigger a lossy replay.",The transcript survives both recovery paths with a single turn/start; the session reopens and rehydrates without duplicating the prompt or reply.,session/open; session/hydrate; turn/start; protocol/replay_lossy,all,fixture,
e2e/product.spec.ts,resolves approval and structured-question takeovers,e2e/product.spec.ts:1595,"Start a workspace, send the approval prompt and confirm the approval dialog by keyboard, then send the question prompt and answer the structured question.","The approval dialog is focused and accessible and confirming dismisses it; the question dialog appears, accepts a choice, and closes on Continue.",session/open; turn/start; approval/requested; approval/respond; user_question/requested; user_question/respond,all,fixture,
e2e/product.spec.ts,sidebar tree supports arrow-key navigation and Enter selection,e2e/product.spec.ts:1630,"Start a workspace, focus the sidebar session tree, and navigate it with Arrow keys, Home, and Enter.","Arrow keys move a single active row through the workspace and Session rows, Home returns to the first, and Enter selects the highlighted Session.",session/open,all,fixture,
e2e/product.spec.ts,keyboard and semantics guarantees from the a11y batch hold,e2e/product.spec.ts:1659,"Start a workspace, send a prompt so the conversation timeline appears, then inspect the shell's heading and tree semantics.","The view has one main heading, the conversation timeline is announced as a log once a turn exists, and the tree is a single tab stop with rows.",session/open; turn/start,all,fixture,
e2e/product.spec.ts,skip link jumps to the main landmark,e2e/product.spec.ts:1685,"Start a workspace, then focus the skip link and activate it.",The skip link takes focus and activating it moves focus to the main workspace landmark.,session/open,all,fixture,
e2e/product.spec.ts,restores a pending structured question across a reload,e2e/product.spec.ts:1696,"Start a workspace, send the question prompt so the structured-question dialog appears, then reload the page.","The pending structured question reappears after the reload, restored through hydrate.",session/open; session/hydrate; user_question/requested,all,fixture,
e2e/product.spec.ts,deep link: ?s= restores the selected session after reload,e2e/product.spec.ts:1718,"Start a workspace so its Session id is in the URL, then reload the page.",The composer returns and the ?s= session id in the URL is unchanged after reload.,session/open; session/hydrate,all,fixture,Session selection is carried in the ?s= URL query and restored on reload; the assertion is browser URL routing with no native equivalent.
e2e/product.spec.ts,preserves workspace launch decisions without exposing profile ids in connect,e2e/product.spec.ts:1733,"Connect, request a workspace that needs a profile choice, and choose to start a new review Session.","The profile-choice heading shows, choosing Start new session with review opens the session, the workspace path is shown, and no profile id is exposed at connect.",session/open,all,fixture,
e2e/product.spec.ts,automatically activates an unambiguous fresh coding Workspace,e2e/product.spec.ts:1753,Connect and request a fresh coding workspace that needs no profile choice.,"No activation prompt appears, the composer is enabled, and Session settings shows the workspace Ready with the model and permission strip.",session/open,all,fixture,
e2e/product.spec.ts,onboards an empty solo server from workspace creation,e2e/product.spec.ts:1774,"Connect to an empty server and request a workspace with no profile, then in the onboarding dialog test a rejected API key, retry with a valid key, and use Test, save & open.","The rejected key shows a provider error that hides the secret; the valid key opens the workspace, hides onboarding, and creates exactly one Session.",session/open,all,fixture,
e2e/product.spec.ts,preserves Octoscode keyless-provider onboarding semantics,e2e/product.spec.ts:1823,"Connect and request a workspace with no profile, then in the onboarding dialog choose the keyless local provider and use Test, save & open.","Choosing the keyless provider shows ""No API key required"" and no key field, and saving opens the workspace and hides onboarding.",session/open,all,fixture,
e2e/product.spec.ts,keeps the DSH-aligned dark product shell WCAG A/AA clean,e2e/product.spec.ts:1842,"Switch the app to the dark scheme, connect, and start a workspace so the product shell is on screen.","Once the row animations settle, the shell has no WCAG A/AA contrast or accessibility violations.",session/open,all,fixture,Axe-core audit of the dark shell plus CSS colour and animation inspection; pure rendering with no native meaning.
e2e/profile-mutation.spec.ts,skill writes hold the profile lock through deferred replies and deduplicate confirmation,e2e/profile-mutation.spec.ts:156,"Connect to a workspace and open the profile skills surface, then review an installation and confirm it twice in quick succession. Press Escape while the write is in flight, let it succeed, then remove the skill and confirm that too.","Reviewing sends nothing, the double confirm produces exactly one install write bound to the confirmed profile, the surface and composer stay locked until the write succeeds, Escape cannot dismiss it mid-write, and the removal writes once and returns the surface to its empty state.",session/open; session/hydrate,all,fixture,
e2e/profile-mutation.spec.ts,"a failed credential write clears its input, consumes confirmation and requires a fresh review",e2e/profile-mutation.spec.ts:225,"Connect to a workspace and open the research lanes surface, fill in lane details and a credential, then review and confirm the save twice. Let the save fail, re-enter a replacement credential, review again and save.","Confirming twice sends exactly one write bound to the confirmed profile and clears the credential field; the failure message asks for the credential to be re-entered and the raw secret appears in neither the page markup, local storage nor session storage; the replacement needs a fresh review before its own single write succeeds.",session/open; session/hydrate,all,fixture,
e2e/release-readiness.spec.ts,settings preserves its geometry while model management loads at ${viewport.width}px,e2e/release-readiness.spec.ts:25,"Open a session, open Settings, and choose Models while the model-management panel is still loading (runs at each configured viewport width).","A loading-model-management status shows while the dialog count stays one and the Models control keeps focus, and the settings dialog's geometry is identical before and after the panel loads.",session/open,all,fixture,
e2e/release-readiness.spec.ts,skip link bypasses navigation and multiline commands retain valid accessibility semantics,e2e/release-readiness.spec.ts:86,"Open a session, use the 'Skip to content' link, then type a slash command and a multiline draft in the composer.",Focus moves into the main content after the skip link and never into the navigation; the slash-command list opens and is referenced by the composer; the multiline draft holds both lines; and an accessibility audit of the command palette reports no violations.,session/open,all,fixture,
e2e/release-readiness.spec.ts,empty session search offers a direct way back and replies use the chat column,e2e/release-readiness.spec.ts:133,"Open a session, run a turn so an assistant reply is on screen, search sessions for a name that does not exist, then clear the search.","A 'No sessions match' message naming the searched text appears, clearing the search leaves an empty focused search box, and the assistant reply uses the full chat column width matching the timeline.",session/open; turn/start; message/delta; turn/completed,all,fixture,
e2e/resume-and-reasoning.spec.ts,"resume lists unverified candidates, refuses bare IDs, and requires confirmation plus canonical history",e2e/resume-and-reasoning.spec.ts:94,"Connect to a workspace that has historical Sessions, then ask to resume. In the history surface try the unscoped entry, pick a named historical Session, and try to verify before confirming. Tick the confirmation and verify.","The unscoped candidate cannot be selected and verification stays disabled until a Session is chosen and confirmed; confirming opens exactly that Session and hydrates its canonical history, starts no turn, and the unscoped entry never appears in the sidebar.",session/open; session/hydrate; session/list,all,fixture,
e2e/resume-and-reasoning.spec.ts,canceling a held historical open cannot install a late transcript or steal a new selection,e2e/resume-and-reasoning.spec.ts:153,"Connect to a workspace with historical Sessions and make one Session's history load hang. Start a resume of that Session, cancel it and select a different Session, then let the held history finally arrive.","The late history never replaces the currently selected Session's transcript, the cancelled open leaves the original selection intact, and only the expected open and hydrate calls are made.",session/open; session/hydrate; session/list,all,fixture,
e2e/resume-and-reasoning.spec.ts,resuming an already retained busy historical Session never reopens or resets its turn,e2e/resume-and-reasoning.spec.ts:228,"Connect to a workspace with a historical Session, resume it, then start a turn in it and hold that turn running. Create a second Session, resume the first again, and finally release the held turn.","Resuming the already-retained busy Session opens no additional Session, keeps its single running turn alive with the Stop control visible, and completes the held turn without an interrupt once released.",session/open; session/hydrate; turn/start,all,fixture,
e2e/resume-and-reasoning.spec.ts,reasoning visibility is retained per Session and does not change captured model effort,e2e/resume-and-reasoning.spec.ts:308,"Open a workspace and set the thinking effort to high with reasoning hidden. Create a second Session, start a turn in each and switch between them, toggling reasoning visibility.","Each Session keeps its own effort and reasoning-visibility choice, the first Session's turn is sent with high effort while the second sends none, and reasoning entries only render for the Session that has reasoning enabled.",session/open; session/hydrate; turn/start; message/reasoning_delta,all,fixture,
e2e/runtime-recovery.spec.ts,continues past an unknown turn without replaying it or losing the queue and new draft,e2e/runtime-recovery.spec.ts:5,"Open a workspace, start a turn whose acknowledgement succeeds but whose status cannot be confirmed, queue a follow-up, disconnect the server, and let a status check come back as unknown.","A prompt to check the current turn status before switching sessions appears; continuing without the unknown turn drains the queued follow-up as a second turn on the same session with no interrupt, shows 'Response outcome unknown', and preserves the new draft across a session switch.",session/open; turn/start; turn/interrupt; turn/state/get; projection/envelope; tool/progress,all,fixture,
e2e/server-shutdown.spec.ts,"server shutdown is capability gated, explicit, and truthful on an unconfirmed result",e2e/server-shutdown.spec.ts:5,"Connect and open a workspace, open Settings and confirm there is no Stop server control while shutdown is unadvertised. Reload with shutdown advertised, open Settings on a small viewport, and use Stop server: cancel it, dismiss it with Escape, attempt a shutdown that is not confirmed, and finally confirm one.",Stop server appears only once shutdown is advertised; cancel and Escape request nothing; an unconfirmed attempt shows the not-confirmed notice and keeps Settings open; a confirmed attempt returns to the connect screen and exactly two shutdown requests were made.,session/open,all,fixture,
e2e/session-links.spec.ts,a different saved link takes precedence over the tab's remembered conversation,e2e/session-links.spec.ts:105,"Create a conversation in one workspace, then navigate to a saved-link address that points at a different workspace and session.","An 'Open saved conversation' panel appears for the linked reference without any session opened automatically; only after choosing to open it does exactly one session/open go out for that reference, with no turn started.",session/open; session/hydrate; turn/start,all,fixture,
e2e/session-links.spec.ts,opens a bookmarked conversation in a fresh browser only after an explicit choice,e2e/session-links.spec.ts:139,"Create a conversation, copy its saved-link address, then open that address in a brand-new browser context that holds no stored state.","The fresh browser shows the saved-conversation panel naming the workspace and server with no session opened until the user explicitly opens it; after opening, the transcript matches the original and exactly one session/open with the linked ids is sent.",session/open; session/hydrate; turn/start,all,fixture,
e2e/session-links.spec.ts,keeps a failed saved link visible and retries only when requested,e2e/session-links.spec.ts:205,"Open a saved link whose first open attempt is rejected by the server, then choose to open it again.",The panel stays mounted with an alert that the conversation could not be opened and the open control remains enabled; the retry re-sends session/open (a second attempt) and the transcript then shows.,session/open; session/hydrate,all,fixture,
e2e/session-links.spec.ts,rejects invalid links without opening a session and allows normal entry after dismissal,e2e/session-links.spec.ts:235,Navigate to a malformed saved-link reference and authenticate.,An alert says the conversation link is invalid and no session/open is sent; dismissing the link returns to the normal workspace entry and removes the reference from the address.,session/open,all,fixture,
e2e/session-links.spec.ts,refuses a saved-link candidate with a different workspace before requesting history,e2e/session-links.spec.ts:254,Open a saved link where the server answers session/open with an unrelated workspace root.,"The panel shows an error and no transcript history is requested, and the saved reference stays in the address.",session/open; session/hydrate,all,fixture,
e2e/session-links.spec.ts,reports a copied link only after the clipboard operation succeeds,e2e/session-links.spec.ts:279,"Create a conversation, open General settings and choose 'Copy conversation link' while the clipboard write is deliberately kept pending.","While the copy is pending the control reads 'Copying' and is disabled and no 'Copied' appears; once it resolves the control reads 'Copied', and the copied text is the saved link for the current session and never contains the auth token.",session/open; session/hydrate; turn/start,all,fixture,
e2e/session-links.spec.ts,provides a selected readonly link when clipboard access is denied,e2e/session-links.spec.ts:325,"Create a conversation and open General settings with clipboard access denied, then choose 'Copy conversation link'.","No 'Copied' confirmation appears; instead a focused, fully selected, read-only 'Conversation link' field shows the saved link for the current session.",session/open; session/hydrate; turn/start,all,fixture,
e2e/session-links.spec.ts,does not claim diagnostics were copied after clipboard rejection and allows retry,e2e/session-links.spec.ts:359,"Create a conversation, deny clipboard access and choose 'Copy diagnostics', then grant access and choose it again.",The first attempt shows an alert mentioning the clipboard and no 'Copied'; after access is granted the retry reads 'Copied' and the alert clears.,session/open; session/hydrate; turn/start,all,fixture,
e2e/settings-mobile.spec.ts,Settings remain operable at ${viewport.width}×${viewport.height},e2e/settings-mobile.spec.ts:46,"At a small phone viewport, start a workspace, open the sessions navigation and then Settings. Scroll the panel to the bottom, switch to the Models section, open the add-provider form and cancel it, then close Settings. Finally open the Session settings pane from the composer status strip and press Escape.","Every control the walk touches - the close, disconnect, forget-server and copy-diagnostics controls, the add-provider control and its form - stays fully inside the viewport at that size, copying diagnostics reads Copied without scrolling the panel away from the top, and the Session settings pane opens from the keyboard and closes with Escape back to its trigger.",session/open; session/hydrate,all,fixture,A responsive-layout assertion about settings controls staying inside a phone viewport.
e2e/simultaneous-sessions.spec.ts,isolates independent turns across rapid Session switches,e2e/simultaneous-sessions.spec.ts:143,"Open a workspace, start a slow turn in one session, and while it streams create a second session and run a quick turn, then a third, switching among them.","Each session keeps its own prompt and exactly one completion; a background completion is flagged, and switching sessions shows only that session's transcript with no other session's prompt leaking in.",session/open; session/hydrate; turn/start; turn/completed; message/delta,all,fixture,
e2e/simultaneous-sessions.spec.ts,recovers an unacknowledged A1 behind B and drains A2 then A3 without replaying A1,e2e/simultaneous-sessions.spec.ts:241,"Open a workspace whose first turn acknowledgement is never recorded, let a sibling run, then switch back and queue further prompts.","The unacknowledged turn is recovered from session hydration (not replayed), and the queued prompts drain in order as distinct turns on the same session with no interrupt.",session/open; session/hydrate; turn/start; turn/completed,all,fixture,
e2e/simultaneous-sessions.spec.ts,drains a queued A2 after a released A1 terminal while B stays selected,e2e/simultaneous-sessions.spec.ts:380,"Open a workspace, start a slow turn, queue a follow-up, create a sibling session and run it, then release the first turn's terminal.","The queued follow-up starts only after its released terminal, as its own turn on the same session, while the sibling session stays selected.",session/open; session/hydrate; turn/start; turn/completed,all,fixture,
e2e/simultaneous-sessions.spec.ts,keeps per-Session transcripts distinct and restores the pre-reload Session,e2e/simultaneous-sessions.spec.ts:474,"Open a workspace, run a turn, create a sibling session and run its own turn, then reload the page.","Each session shows only its own transcript, and after the reload the previously selected session is restored with its transcript.",session/open; session/hydrate; turn/start; turn/completed,all,fixture,
e2e/simultaneous-sessions.spec.ts,preserves native persisted segment finality across late deltas and the next background FIFO turn,e2e/simultaneous-sessions.spec.ts:527,"Open a workspace and run a turn whose assistant segment is persisted before its deltas arrive, then start a second background turn.","The persisted segment keeps its finality across the late deltas and the next background turn, and each turn's text appears once in the transcript.",session/open; session/hydrate; turn/start; projection/envelope; turn/completed,all,fixture,
e2e/surface-recovery.spec.ts,"a failed model-management chunk preserves the owner, queue, draft and Stop",e2e/surface-recovery.spec.ts:33,"Start a session, send a message and keep it running, queue a second message, and leave an unsent draft. Open Settings then Models while the model-management module fails to load.","The Settings dialog reports that model management is unavailable; the running turn, the queued message, the draft, and the Stop control are all preserved and the socket is not reopened or interrupted until Stop is pressed.",session/open; turn/start; turn/interrupt,all,fixture,
e2e/surface-recovery.spec.ts,a slow model-management import can be canceled and never opens after cancellation,e2e/surface-recovery.spec.ts:101,"Start a session, type into the prompt box, open Settings then Models while the module load is held, and cancel before it resolves.","No model-management dialog appears, and once the load finishes it still never opens; the prompt text is kept and Settings can be reopened.",session/open,all,fixture,
e2e/surface-recovery.spec.ts,Escape from a failed review returns to approval without interrupting,e2e/surface-recovery.spec.ts:140,"Start a session, send a message that raises an approval, open the change review while its dialog fails to load, then press Escape and press Escape again.",The error dialog closes back to the approval with the review control focused and no interrupt yet; a second Escape interrupts the turn exactly once.,session/open; turn/start; approval/requested; diff/preview/get; turn/interrupt,all,fixture,
e2e/surface-recovery.spec.ts,a failed local-command chunk restores input and never sends command text to the model,e2e/surface-recovery.spec.ts:186,"Start a session, type a local command, and send it while the command-report module fails to load.","An alert reads 'Command unavailable. Nothing was sent.', the prompt is restored to the command text, and no turn is started.",session/open,all,fixture,
e2e/surface-recovery.spec.ts,a late clipboard command result does not enter a different conversation,e2e/surface-recovery.spec.ts:223,"Start a session, send a message and wait for the reply, run the copy command while the clipboard write is held, then switch to a new session and let the copy finish.",The 'Copied' confirmation never appears in the new conversation and the app stays on the newly opened session.,session/open; turn/start,all,fixture,
e2e/theme.spec.ts,theme cycle preserves one palette across manual and system modes,e2e/theme.spec.ts:34,"Connect with the OS in light mode, then step the theme control between system, dark, and light while switching the OS preference, and finally reload with system selected.","The resolved palette matches the selected theme every time (system follows the OS, dark and light are fixed), and the system choice survives a reload.",,none,none,Checks CSS custom-property resolution across matchMedia and reload; no protocol or native surface is involved.
e2e/theme.spec.ts,manual light preserves readable conversation and settings colors on a dark OS,e2e/theme.spec.ts:72,"Connect with the OS in dark mode but the stored theme set to light, start a session, and send a message. After the reply lands, open Settings.","The conversation shows the reply text, and both the conversation and Settings report no color-contrast violations.",session/open; turn/start,all,fixture,
e2e/theme.spec.ts,theme ${method} failure keeps the app usable and the in-memory theme active,e2e/theme.spec.ts:115,"Make one browser-storage method fail for the theme preference, then connect and cycle the theme between system, dark, and light.","The theme still switches in memory, the workspace-path field stays usable, no failure screen appears, and no page errors are logged.",,none,none,Injects a browser Storage failure for the theme preference; purely browser-side storage and CSS behavior.
e2e/theme.spec.ts,"blocked ${storageKind} property keeps connection, session launch, and theme usable",e2e/theme.spec.ts:157,"Block access to browser storage, connect, start a session, and cycle the theme while leaving a draft in the prompt box.","Connecting, launching the session, and switching the theme all still work, the prompt draft is kept, and the app never shows a failure surface.",session/open,all,fixture,Blocks browser localStorage/sessionStorage to prove the client stays usable; the assertion is about browser storage behavior.
e2e/timeline-interactions.spec.ts,keeps activity and reader-controlled disclosures correct across ten streamed turns,e2e/timeline-interactions.spec.ts:6,"Connect and start a workspace session, then run ten turns while emitting streamed reasoning, tool start and end, assistant text, and a terminal for each turn. Open and close the reasoning and tool disclosures by keyboard.","Each turn shows its reasoning and tool disclosures with the correct open or closed state, no stale live indicator or next-step status remains after the terminal, late reasoning does not reopen a finished turn, and reduced motion disables the running animation.",session/open; turn/start; projection/envelope,all,fixture,
e2e/visual.spec.ts,connect gate matches baseline,e2e/visual.spec.ts:52,"With pairing reset to unsupported, open the web client and look at the connect gate.",The connect gate renders identically to its stored visual baseline.,,none,none,"Pure visual-regression snapshot of the connect gate; browser rendering only, with no native protocol surface."
e2e/visual.spec.ts,empty chooser matches baseline,e2e/visual.spec.ts:70,Connect to a server and look at the workspace chooser.,The empty workspace chooser renders identically to its stored visual baseline.,,none,fixture,Visual-regression snapshot of the workspace chooser; browser rendering only.
e2e/visual.spec.ts,approval takeover matches baseline,e2e/visual.spec.ts:78,"Connect, start a workspace, and send a prompt that requests approval; look at the approval takeover.",The approval card renders identically to its stored visual baseline.,session/open; turn/start; approval/requested,all,fixture,
e2e/visual.spec.ts,session reply matches baseline,e2e/visual.spec.ts:89,"Connect, start a workspace, and send a prompt whose reply streams to completion; look at the whole workspace including the composer.","The completed session reply, layout and composer placement included, matches its stored visual baseline.",session/open; turn/start; message/delta; turn/completed,all,fixture,
e2e/workspace-browse.spec.ts,"browses the server's folders, drills in and out, and reports what the server hid",e2e/workspace-browse.spec.ts:41,"Connect with a token whose server advertises folder browsing and open the folder browser. Drill into Projects and back out, then into archive and up to the filesystem root.","The panel reports how many folders the server hid, warns when the listing is truncated, and disables the way up at the root.",,none,fixture,
e2e/workspace-browse.spec.ts,renders bounded copy with a next step when the server refuses a folder,e2e/workspace-browse.spec.ts:85,Open the folder browser and try to open a restricted folder.,"Bounded copy with a next step is shown, the server's own error prose never appears, and the current folder is unchanged.",,none,fixture,
e2e/workspace-browse.spec.ts,"creates a folder, moves into it, and starts a session there",e2e/workspace-browse.spec.ts:102,"Open the folder browser, move into Projects, try an invalid folder name, then create a valid one and start a session there.","The invalid name is rejected before any request, creating a folder moves into it, and choosing it fills the path box and starts a session.",session/open,all,fixture,
e2e/workspace-browse.spec.ts,picking a subfolder fills the path box without leaving the browser's parent,e2e/workspace-browse.spec.ts:144,"Open the folder browser and pick the Projects subfolder, then reopen the browser.",The path field is filled with the chosen folder and the browser reopens at that folder rather than the server's working directory.,,none,fixture,
e2e/workspace-browse.spec.ts,shows no Browse affordance at all when the server does not advertise the feature,e2e/workspace-browse.spec.ts:160,Connect with a server that does not advertise folder browsing and start a session from a typed path.,No browse affordance appears anywhere and the typed-path flow still starts a session.,session/open,all,fixture,
e2e/workspace-ux.spec.ts,IME confirmation and multiline editing never send; queued messages can be removed,e2e/workspace-ux.spec.ts:73,"Open the web client, connect to the server and start a workspace, then type Chinese text in the message box and press Enter while the input method is still composing. Add line breaks with Shift+Enter and Alt+Enter, then send, and while the turn is running queue two more prompts and remove the first from the queued list.","Composing Enter and the modifier-Enter strokes only insert text or a newline and send nothing, while a plain Enter starts exactly one turn. The queued list shows two waiting prompts, removing one leaves the other, and the running-turn Stop control disappears once the turn completes.",session/open; session/hydrate; turn/start; turn/completed,all,fixture,
e2e/workspace-ux.spec.ts,protects a running turn from closing the tab and removes the warning on completion,e2e/workspace-ux.spec.ts:118,"Start a workspace turn and leave it running, then try to close the browser tab. Dismiss the leave-page prompt, let the turn finish, and try to close again.","While the turn is running the browser asks for confirmation and dismissing it keeps the tab open, and once the turn has completed closing the tab is no longer blocked.",session/open; session/hydrate; turn/start; turn/completed,all,fixture,
e2e/workspace-ux.spec.ts,keeps the mobile composer on screen and makes navigation an accessible drawer,e2e/workspace-ux.spec.ts:146,"Open the client on a narrow phone viewport, start a workspace and type a draft, then open the sessions navigation from the header. Tab through the drawer several times, close it with Escape, and repeat the check at a compact 320-pixel viewport.","The composer and its draft stay fully on screen at both sizes with no horizontal page overflow, the navigation opens as a labelled dialog that keeps keyboard focus inside and passes the accessibility scan in light and dark mode, and Escape closes it and returns focus to the opener.",session/open; session/hydrate,all,fixture,
e2e/workspace-ux.spec.ts,mobile review actions leave room for workspace context after a completed turn,e2e/workspace-ux.spec.ts:197,"On a phone viewport, run a turn to completion and look at the review-changes action beside the workspace title. Open the review at 390 and at 320 pixels wide, then close it with Escape.","The review action stays in view and measures at least 44 by 44 pixels, the workspace title keeps enough room beside it, the review surface opens for the completed change, and Escape closes it and returns focus to the action.",session/open; session/hydrate; turn/start; turn/completed; diff/preview/get,all,fixture,
e2e/workspace-ux.spec.ts,follows arriving content but leaves a reader in history until they jump to latest,e2e/workspace-ux.spec.ts:227,"Send a prompt that returns a long reply. While it streams, scroll up in the conversation to read earlier content and keep reading as more text arrives, then use the back-to-latest control.","While the reader is at the end, arriving output keeps the view pinned to the bottom; after scrolling up, further arriving text does not move the reader's position, and the back-to-latest control returns the view to the bottom.",session/open; session/hydrate; turn/start; projection/envelope; message/delta; turn/completed,all,fixture,
e2e/workspace-ux.spec.ts,opening tool output keeps its heading in view instead of following the expansion,e2e/workspace-ux.spec.ts:274,"Run a turn that records a tool call with a long output followed by a long answer, scroll to the bottom of the conversation, bring the tool summary into view and expand it.","The tool summary stays within a few pixels of where it sat before expanding and never rises above the conversation region, and the expanded tool output becomes visible.",session/open; session/hydrate; turn/start; projection/envelope; tool/started; tool/completed; turn/completed,all,fixture,
e2e/workspace-ux.spec.ts,sidebar sort controls reorder sessions and track which Session was last opened,e2e/workspace-ux.spec.ts:328,"Start a workspace and create two more Sessions. Use the sidebar's session view options to switch between last-opened and least-recently-opened ordering, then reopen an older Session and switch the ordering again.","The three Sessions are listed in reverse creation order by default, the ordering menu physically reorders them and marks the active choice, and reopening a Session moves it to the front of the last-opened order while that Session stays selected.",session/open; session/hydrate; session/list,all,fixture,
e2e/workspace-ux.spec.ts,long queued messages and a multiline draft keep mobile actions inside the viewport,e2e/workspace-ux.spec.ts:385,"On a 320-by-480 viewport, start a long-running turn, queue eight long Chinese prompts and type a thirty-line draft. Scroll the queued list and remove the last queued prompt.","The composer, the queued list, the Stop control and the queue control all stay inside the viewport width, the remove control for the last prompt stays fully on screen, removing it leaves seven queued prompts, and the draft is untouched.",session/open; session/hydrate; turn/start; turn/completed,all,fixture,
e2e/workspace-ux.spec.ts,finishing approval and question takeovers returns the keyboard to the composer,e2e/workspace-ux.spec.ts:430,"Send a prompt that raises an approval request, approve it and immediately type a follow-up. Then send a prompt that raises a question, answer it and type another follow-up.","After the approval takeover closes the composer is focused and accepts typed text, and after the question takeover closes the composer is again focused and accepts typed text.",session/open; session/hydrate; turn/start; approval/requested; approval/respond; user_question/requested; user_question/respond,all,fixture,
e2e/workspace-ux.spec.ts,${action} is available during active work but requires an explicit confirmation,e2e/workspace-ux.spec.ts:460,"Start a turn and queue a second prompt, open Settings, and choose Disconnect (or Forget server) while work is still running. Cancel the confirmation, then repeat and confirm it.","The confirmation opens with its Cancel control focused, cancelling leaves Settings and the one queued prompt untouched and starts no further turn, and confirming returns to the connect screen with the queued prompts gone and the auth token kept or cleared according to the chosen action.",session/open; session/hydrate; turn/start,all,fixture,
